model_name,scs,l3_weight_cuts,l3_output_cuts,lcus,weights,ops_per_image,macs_per_image,total_4bit_macs_per_frame,pure_ops_per_image,pure_macs_per_image,power,fps,subclusters_per_target,l3_cuts_per_target,layers_per_target,l2_cuts_per_target_normalized,l2_cuts_used_normalized,profiling_mode,layers,l3_total_cuts,net_input_throughput,gross_input_throughput,net_output_throughput,gross_output_throughput,latency,input_aligners,input_aligners_per_target,apus,apus_per_target,l4_cuts,l4_cuts_per_target,l2_weights,l2_data_usage,l2_cuts_per_target,number_of_devices,number_of_contexts,calibration,transpose,resize_input,normalization,input_conversion,nms,optimization_level,compression_level,compression_rate,hw_arch,stream_fps,optimization_goal_fps,context_switch_configs,l2_cut_size,l3_cut_size,l4_cut_size
yolo11n,355,277,510,175,2584734.0,6386777600.0,3209976800.0,0.0,6387596800.0,3210386400.0,,N/A,512,1024,128,256.0,177.5,post_placement,141,787,64.39 Megabytes/sec,138.22 Megabytes/sec,33.45 Megabytes/sec,105.94 Megabytes/sec,N/A,199,256,175,160,0,28,49472,816000,512,2,3,64,False,False,True,False,True,1,0,N/A,hailo8,,,2716672.00,16384.0,32768.0,131072.0

context_name,csw_scs_mac_util,b8_csw_scs_mac_util, ,lcu_util,l3_util,mapping_util,active_mac_util,width_align_util,feature_align_util,balance_fps_util,mac_layers_util,effective_mac_util,scs_mac_util, ,fps,1/fps (s),drain (s),latency_util,b8_latency_util, ,context_overhead,overhead_util,b8_overhead_util,total_mac_util,b8_total_mac_util,boundary_in_bytes,boundary_out_bytes,inter_context_in_bytes,inter_context_out_bytes,ddr_portals_in_bytes,ddr_portals_out_bytes
contexts_total,0.06347072233527781,0.11198051105510347,,,,0.26898228589276774,0.7550966369776224,0.94367584882967,0.989389731240373,0.7603325228300258,0.8756642751071407,0.5397104076949167,0.1257055063400188,,54.949443997585156,0.018198546286363637,N/A,0.504916007128573,0.890816276195644,,0.005102785,0.4476462275613739,0.786088994584298,0.02841242941398255,0.08802664734834216,1228800.0,638400.0,1408800.0,1383200.0,0.0,0.0
yolo11n_context_0,0.05634623309627799,0.1086021160791186,,0.6015625,0.3232421875,0.294921875,0.6980950720150071,0.9683912256712353,0.9944823914225326,0.7099109866580662,0.8807947019867549,0.4819261170218816,0.12518783899201222,,1070.8415208091278,0.000933845,0.001140935,0.450093503889569,0.867513306033249,,0.00087014,,,,,1228800.0,0.0,0.0,1229600.0,0.0,0.0
yolo11n_context_1,0.08374164489638092,0.14455150075289405,,0.6015625,0.369140625,0.302734375,0.806095714565132,0.9371751348346365,0.9894026402632086,0.815159132288739,0.8709677419354839,0.6116787844469462,0.16128249199284714,,1223.8628784031037,0.0008170850000000001,0.0007565824999999998,0.5192234064692828,0.8962628179089948,,0.000853425,,,,,0.0,608000.0,1229600.0,153600.0,0.0,0.0
yolo11n_context_2,0.028322563377257262,0.03876047231982879,,0.1640625,0.076171875,0.095703125,0.8275944253900471,0.8205604641458375,0.9481218077927889,0.7306588251503854,0.8775510204081632,0.48716855325493724,0.04091454646477012,,2966.1708217776263,0.00033713499999999996,0.00014988750000000003,0.6922370116370393,0.9473518752848424,,0.00337922,,,,,0.0,30400.0,179200.0,0.0,0.0,0.0

layer_name,layer_type,input_height,input_width,output_channels,input_channels,kernel_height,kernel_width,strides_row,strides_col,predecessors,successors,weights,macs,power,fps,total cycles,theoretical cycles,scs,apus,input_aligners,of_per_sc,of_per_mac,l3_output_cuts,l2_weights_usage_ratio,groups,dilation_height,dilation_width,16x4_configuration,elementwise_feed_repeat,ew_add_enabled,defuse_mode,node_layer_input_bw,node_layer_output_bw,defuse_name,l3_weight_cuts,l4_cuts,lcus,node_layer_latency,deprecated,output_features_per_sc,mac_computation_utilization,apu_activation_utilization,subcluster_utilization,buffers_num,buffer_size,context,did_reach_fps,latency,l2_weights,ops,l2_data_usage,input_activation_bits,input_range_min,input_range_max,kernel_range_min,kernel_range_max,output_range_min,output_range_max,output_activation_bits,weights_bits,bias_bits,active_mac_util,width_align_util,feature_align_util,balance_fps_util,mac_layers_util,effective_mac_util,is_4bit_enhanced,is_smuffer_in,is_smuffer_out
normalization1,normalization,640,640,3,3,1,1,,,input_layer1,conv1,0,1228800.0,,1088.78,367383,,1,1,1,8,1,2,1,,1,1,False,,False,,1315.85009765625,3508.93359375,yolo11n/normalization1,0,0,1,0.918375,0,3,0.557456374168396,0.418092280626297,0.5482708455662015,2,5120,yolo11n_context_0,False,0.0009196175,0,2457600.0,0,8,0.0,255.0,0.003921568859368563,0.003921568859368563,0.0,1.0,8,8,16,0.557456374168396,1.0,0.375,0.9835224260985495,1.0,0.2056015670873256,False,False,False
conv1,conv,640,640,16,3,3,3,2,2,normalization1,conv2,448.0,45875200,,1157.63,345533,86400,10.0,6.0,6.0,16,1,17.0,,1,1,1,False,,False,combined (SPATIAL_W),3119.6612548828125,1820.2592468261719,,8.0,0.0,6.0,0.919625,0,16,0.3788472652435303,0.3842789406577747,0.28938421986824037,269.0,10744,yolo11n_context_0,False,0.00092497,0,88473600,0,8,0.0,1.0,-15.156034469604492,14.66777515411377,-0.39720284938812256,50.246158599853516,8,8,16,0.2594897776367584,1.0,1.0,0.9243850543113405,0.8,0.2398685108062077,False,False,False
conv2,conv,320,320,32,16,3,3,2,2,conv1,conv_feature_splitter1_1 conv_feature_splitter1_2,4640.0,118784000,,1154.29,346534,230400,10.0,6.0,6.0,32,2,16.0,,1,1,1,False,,False,combined (SPATIAL_W),3859.826934814453,943.0258941650391,,8.0,0.0,6.0,0.9191125,0,64,0.7099958419799804,0.326061541835467,0.5853005594402585,112.0,11648,yolo11n_context_0,False,0.000932435,0,235929600,10240,8,-0.39720284938812256,50.246158599853516,-2.071904182434082,1.7938261032104492,-0.48963743448257446,124.36790466308594,8,8,16,0.6802957480638777,1.0,1.0,0.9167418701304896,0.8,0.6236848730449571,False,False,False
conv_feature_splitter1_1,conv,160,160,16,32,1,1,1,1,conv2,concat1,528.0,13516800.0,,1552.67,257621,204800.0,1,1,1,16,2,1,0.0,1,1,1,False,,False,,877.2333984375,438.61669921875,yolo11n/conv_feature_splitter1_1,1,0,1,0.9166625,0,16,0.8198089599609375,0.19874155521392822,0.5654043338939991,12,2560,yolo11n_context_0,False,0.0009364575,0,26214400.0,256,8,-0.48963743448257446,124.36790466308594,-1.4013885259628296,1.396395206451416,-0.5980455875396729,50.23583221435547,8,8,16,0.8198089599609375,1.0,1.0,0.6896781585809207,1.0,0.5654043338939991,False,False,False
conv_feature_splitter1_2,conv,160,160,16,32,1,1,1,1,conv2,conv4 ew_add1 concat1,528.0,13516800.0,,1552.67,257621,204800.0,1,1,1,16,2,1,0.0,1,1,1,False,,False,,877.2333984375,438.61669921875,yolo11n/conv_feature_splitter1_2,1,0,1,0.9166625,0,16,0.8198089599609375,0.19874155521392822,0.5654043338939991,12,2560,yolo11n_context_0,False,0.0009364575,0,26214400.0,256,8,-0.48963743448257446,124.36790466308594,-1.389171838760376,0.5933683514595032,-0.5168986320495605,43.41948318481445,8,8,16,0.8198089599609375,1.0,1.0,0.6896781585809207,1.0,0.5654043338939991,False,False,False
conv4,conv,160,160,8,16,3,3,1,1,conv_feature_splitter1_2,conv5,1160.0,29696000.0,,1198.14,333852,230400.0,2,1,2,4,1,2,0.0,1,1,1,True,,False,,438.61669921875,219.308349609375,yolo11n/conv4,1,0,1,0.9219025,0,4,0.7035752534866333,0.07668068259954453,0.6288249268535451,2,1280,yolo11n_context_0,False,0.00094572,0,58982400.0,7680,8,-0.5168986320495605,43.41948318481445,-0.26868027448654175,0.20239777863025665,-0.2882430851459503,2.7743396759033203,8,8,16,0.7035752534866333,1.0,1.0,0.8937564585129224,1.0,0.6288249268535451,False,False,False
conv5,conv,160,160,16,8,3,3,1,1,conv4,ew_add1,1168.0,29900800.0,,1227.36,325902,230400.0,2,1,1,8,1,2,0.0,1,1,1,False,,False,,219.308349609375,438.61669921875,yolo11n/conv5,2,0,1,0.9214924999999999,0,8,0.7256782650947571,0.15710243582725525,0.6331350436927743,2,2560,yolo11n_context_0,False,0.0009562125,0,58982400.0,15360,8,-0.2882430851459503,2.7743396759033203,-10.480775833129883,11.215279579162598,-0.3900357484817505,32.763004302978516,8,8,16,0.7256782650947571,1.0,1.0,0.8724734832868409,1.0,0.6331350436927743,False,False,False
ew_add1,ew_add,160,160,16,16,,,,,conv_feature_splitter1_2 conv5,concat1,0,204800.0,,2548.11,156979,,1,1,1,16,0,1,0.0,,,,False,,False,,438.61669921875,0.0,yolo11n/ew_add1,1,0,1,0.91317,0,16,0.6523165702819824,0.3261582851409912,0.2741354370540489,12,2560,yolo11n_context_0,False,0.0009586625,0,409600.0,0,8,N/A,N/A,N/A,N/A,-0.8086701035499573,67.92829132080078,8,8,16,0.6523165702819824,1.0,1.0,0.42024907773774023,1.0,0.2741354370540489,False,False,False
concat1,concat,160|160|160,160|160|160,48,16|16|16,,,,,conv_feature_splitter1_1 conv_feature_splitter1_2 ew_add1,conv6,0,0,,2004.50,199551,,1,1,1,48,0,1,1,,,,False,,False,,438.61669921875,0.0,yolo11n/concat1,0,0,1,0.9245875,0,48,0.7697280645370483,0.7697280645370483,0.41120315739344465,85,384,yolo11n_context_0,False,0.00097253,0,0,0,8,N/A,N/A,N/A,N/A,-0.8086701035499573,67.92829132080078,8,8,8,0.7697280645370483,1.0,1.0,0.5342187407974557,0.0,0.41120315739344465,False,False,True
conv6,conv,160,160,64,48,1,1,1,1,concat1,conv7,3136.0,80281600.0,,1080.32,370261,307200.0,4,1,1,16,2,2,0.0,1,1,1,False,,False,,1315.85009765625,1754.466796875,yolo11n/conv6,4,0,1,0.925575,0,16,0.8469700813293457,0.5531233549118042,0.839539723624062,2,10240,yolo11n_context_0,False,0.000973675,0,157286400.0,1024,8,-0.8086701035499573,67.92829132080078,-0.9976986050605774,1.0625735521316528,-0.3090086877346039,19.390295028686523,8,8,16,0.8469700813293457,1.0,1.0,0.9912271308407713,1.0,0.839539723624062,False,True,False
conv7,conv,160,160,64,64,3,3,2,2,conv6,conv_feature_splitter2_1 conv_feature_splitter2_2,36928.0,236339200,,1287.91,310581,138240,34.0,6.0,6.0,64,1,11.0,,1,1,1,False,,False,combined (SPATIAL_W),3903.6885833740234,504.40919494628906,,32.0,0.0,6.0,0.92491,0,256,0.47841575741767883,0.2880156493435303,0.31576596929340045,118.0,12800,yolo11n_context_0,False,0.00098548,0,471859200,10240,8,-0.3090086877346039,19.390295028686523,-0.5863808989524841,0.6026437282562256,-0.2834068834781647,11.761384963989258,8,8,16,0.45989175000430604,1.0,1.0,0.6762531114626271,0.9411764705882353,0.31151449229720807,False,False,False
conv_feature_splitter2_1,conv,80,80,32,64,1,1,1,1,conv7,concat2,2080.0,13312000.0,,1750.54,228501,204800.0,1,1,1,32,4,1,0.0,1,1,1,False,,False,,438.61669921875,219.308349609375,yolo11n/conv_feature_splitter2_1,1,0,1,0.9211475,0,32,0.9102804660797119,0.11203452199697495,0.5568375821996162,12,2560,yolo11n_context_0,False,0.0009926175,0,26214400.0,512,8,-0.2834068834781647,11.761384963989258,-1.3920294046401978,1.317895531654358,-0.4740334451198578,7.584535121917725,8,8,16,0.9102804660797119,1.0,1.0,0.6117208958660163,1.0,0.5568375821996162,False,False,False
conv_feature_splitter2_2,conv,80,80,32,64,1,1,1,1,conv7,conv9 ew_add2 concat2,2080.0,13312000.0,,1750.54,228501,204800.0,1,1,1,32,4,3,0.0,1,1,1,False,,False,,438.61669921875,219.308349609375,yolo11n/conv_feature_splitter2_2,1,0,1,0.9211475,0,32,0.9102804660797119,0.11203452199697495,0.5568375821996162,36,2560,yolo11n_context_0,False,0.0009926175,0,26214400.0,512,8,-0.2834068834781647,11.761384963989258,-0.7393367290496826,0.4164125621318817,-0.2900174558162689,4.640279293060303,8,8,16,0.9102804660797119,1.0,1.0,0.6117208958660163,1.0,0.5568375821996162,False,False,False
conv9,conv,80,80,16,32,3,3,1,1,conv_feature_splitter2_2,conv10,4624.0,29593600.0,,1491.96,268103,230400.0,2,1,1,8,1,1,0.0,1,1,1,False,,False,,219.308349609375,109.6541748046875,yolo11n/conv9,2,0,1,0.9301425,0,8,0.8838767409324646,0.04774284362792969,0.634393303691235,255,128,yolo11n_context_0,False,0.00100875,0,58982400.0,5120,8,-0.2900174558162689,4.640279293060303,-0.754162609577179,0.3822476863861084,-0.2958543598651886,4.733669757843018,8,8,16,0.8838767409324646,1.0,1.0,0.717739560633724,1.0,0.634393303691235,False,False,True
conv10,conv,80,80,32,16,3,3,1,1,conv9,ew_add2,4640.0,29696000.0,,1418.14,282059,230400.0,2,1,2,16,2,1,0.0,1,1,1,True,,False,,109.6541748046875,219.308349609375,yolo11n/conv10,1,0,1,0.9293425,0,16,0.8430151343345642,0.09076115489006042,0.636561757505991,12,2560,yolo11n_context_0,False,0.0010203625,0,58982400.0,15360,8,-0.2958543598651886,4.733669757843018,-1.3635687828063965,1.1804379224777222,-0.3015015721321106,9.308860778808594,8,8,16,0.8430151343345642,1.0,1.0,0.7551012212947545,1.0,0.636561757505991,False,True,False
ew_add2,ew_add,80,80,32,32,,,,,conv_feature_splitter2_2 conv10,concat2,0,102400.0,,5074.92,78819,,1,1,1,32,0,1,0.0,,,,False,,False,,219.308349609375,0.0,yolo11n/ew_add2,1,0,1,0.9100075,0,32,0.6495895385742188,0.3247947692871094,0.1370677088833836,12,2560,yolo11n_context_0,False,0.0010228225,0,204800.0,0,8,-0.2900174558162689,4.640279293060303,N/A,N/A,-0.6622080206871033,10.595328330993652,8,8,16,0.6495895385742188,1.0,1.0,0.21100664457163662,1.0,0.1370677088833836,False,False,False
concat2,concat,80|80|80,80|80|80,96,32|32|32,,,,,conv_feature_splitter2_1 conv_feature_splitter2_2 ew_add2,conv11,0,0,,4515.13,88591,,1,1,1,96,0,1,1,,,,False,,False,,219.308349609375,0.0,yolo11n/concat2,0,0,1,0.91979,0,96,0.8669052124023438,0.8669052124023438,0.20560157111709126,42,768,yolo11n_context_0,False,0.001035065,0,0,0,8,N/A,N/A,N/A,N/A,-0.6622080206871033,10.595328330993652,8,8,8,0.8669052124023438,1.0,1.0,0.23716730292500363,0.0,0.20560157111709126,False,False,True
conv11,conv,80,80,128,96,1,1,1,1,concat2,conv12 concat11,12416.0,79462400.0,,1179.73,339061,307200.0,4,1,1,32,4,4,0.0,1,1,1,False,,False,,657.925048828125,877.2333984375,yolo11n/conv11,4,0,1,0.9226525,0,32,0.9154694676399231,0.30201056599617004,0.8309730018564644,4,10240,yolo11n_context_0,False,0.001038205,0,157286400.0,2048,8,-0.6622080206871033,10.595328330993652,-1.0403938293457031,1.2801457643508911,-0.3189106583595276,7.8133111000061035,8,8,16,0.9154694676399231,1.0,1.0,0.9077014922176593,1.0,0.8309730018564644,False,True,False
conv12,conv,80,80,128,128,3,3,2,2,conv11,conv_feature_splitter3_1 conv_feature_splitter3_2,147584.0,236134400,,1070.84,373538,276480,18.0,4.0,4.0,128,2,8.0,,1,1,1,False,,False,combined (SPATIAL_W),1973.775131225586,241.2391815185547,,16.0,0.0,4.0,0.9279,0,256,0.7636235223876106,0.4034614022821188,0.5784566863539322,31.0,15360,yolo11n_context_0,False,0.0010605475,0,471859200,10240,8,-0.3189106583595276,7.8133111000061035,-0.4272824227809906,0.42598357796669006,-0.30703607201576233,10.877848625183105,8,8,16,0.7612369606561161,1.0,1.0,0.8221328061859089,0.8888888888888888,0.6276335952591436,False,False,False
conv_feature_splitter3_1,conv,40,40,64,128,1,1,1,1,conv12,concat4,8256.0,13209600.0,,1800.33,222181,204800.0,1,1,1,64,8,1,0.0,1,1,1,False,,False,,219.308349609375,109.6541748046875,yolo11n/conv_feature_splitter3_1,1,0,1,0.916255,0,64,0.9289723038673401,0.057610686868429184,0.5525542125447731,64,512,yolo11n_context_0,False,0.0010744475,0,26214400.0,0,8,-0.30703607201576233,10.877848625183105,-1.612317442893982,1.271850824356079,-0.3259216248989105,10.062829971313477,8,8,16,0.9289723038673401,1.0,1.0,0.594801599837232,1.0,0.5525542125447731,False,False,True
conv_feature_splitter3_2,conv,40,40,64,128,1,1,1,1,conv12,conv14 conv15 concat4,8256.0,13209600.0,,1800.33,222181,204800.0,1,1,1,64,8,2,0.0,1,1,1,False,,False,,219.308349609375,109.6541748046875,yolo11n/conv_feature_splitter3_2,1,0,1,0.916255,0,64,0.9289723038673401,0.057610686868429184,0.5525542125447731,128,512,yolo11n_context_0,False,0.0010744475,0,26214400.0,0,8,-0.30703607201576233,10.877848625183105,-2.227147102355957,1.9342678785324097,-0.31154927611351013,9.619084358215332,8,8,16,0.9289723038673401,1.0,1.0,0.594801599837232,1.0,0.5525542125447731,False,False,True
conv14,conv,40,40,32,64,1,1,1,1,conv_feature_splitter3_2,conv16 ew_add3,2080.0,3328000.0,,6884.56,58101,51200.0,1,1,1,32,4,2,0.0,1,1,1,False,,False,,109.6541748046875,54.82708740234375,yolo11n/conv14,1,0,1,0.9142625,0,32,0.8949931859970093,0.11015301197767258,0.13920939529475512,50,1280,yolo11n_context_0,False,0.001075255,0,6553600.0,512,8,-0.31154927611351013,9.619084358215332,-0.49890992045402527,0.5115571022033691,-0.29860231280326843,5.140225410461426,8,8,16,0.8949931859970093,1.0,1.0,0.15554240800132785,1.0,0.13920939529475512,False,True,False
conv15,conv,40,40,32,64,1,1,1,1,conv_feature_splitter3_2,concat3,2080.0,3328000.0,,6884.56,58101,51200.0,1,1,1,32,4,1,0.0,1,1,1,False,,False,,109.6541748046875,54.82708740234375,yolo11n/conv15,1,0,1,0.9142625,0,32,0.8949931859970093,0.11015301197767258,0.13920939529475512,25,1280,yolo11n_context_0,False,0.001075255,0,6553600.0,512,8,-0.31154927611351013,9.619084358215332,-1.4944525957107544,2.7900290489196777,-0.565034806728363,12.533499717712402,8,8,16,0.8949931859970093,1.0,1.0,0.15554240800132785,1.0,0.13920939529475512,False,True,False
conv16,conv,40,40,32,32,3,3,1,1,conv14,conv17,9248.0,14796800.0,,1520.43,263083,230400.0,1,1,1,32,2,1,0.0,1,1,1,False,,False,,54.82708740234375,54.82708740234375,yolo11n/conv16,1,0,1,0.933375,0,32,0.9226745963096619,0.024326924234628677,0.6498401791007469,128,256,yolo11n_context_0,False,0.001106275,0,29491200.0,5120,8,-0.29860231280326843,5.140225410461426,-0.7037334442138672,0.5871684551239014,-0.307794451713562,7.540963649749756,8,8,16,0.9226745963096619,1.0,1.0,0.7043004995475695,1.0,0.6498401791007469,False,False,True
conv17,conv,40,40,32,32,3,3,1,1,conv16,ew_add3,9248.0,14796800.0,,1522.26,262767,230400.0,1,1,1,32,2,1,0.0,1,1,1,False,,False,,54.82708740234375,54.82708740234375,yolo11n/conv17,1,0,1,0.92894,0,32,0.9237841963768005,0.0243561789393425,0.6498401820680699,25,1280,yolo11n_context_0,False,0.00112814,0,29491200.0,7680,8,-0.307794451713562,7.540963649749756,-0.6766334772109985,0.6987133026123047,-0.3132288157939911,8.5615873336792,8,8,16,0.9237841963768005,1.0,1.0,0.7034545347461302,1.0,0.6498401820680699,False,True,False
ew_add3,ew_add,40,40,32,32,,,,,conv14 conv17,conv18 ew_add4,0,25600.0,,19783.37,20219,,1,1,1,32,0,1,0.0,,,,False,,False,,54.82708740234375,0.0,yolo11n/ew_add3,1,0,1,0.88822,0,32,0.6330679059028625,0.3165339529514313,0.03426692863764858,25,1280,yolo11n_context_0,False,0.0011294,0,51200.0,0,8,-0.29860231280326843,5.140225410461426,N/A,N/A,-0.8244034051895142,10.239957809448242,8,8,16,0.6330679059028625,1.0,1.0,0.05412836177309938,1.0,0.03426692863764858,False,False,False
conv18,conv,40,40,32,32,3,3,1,1,ew_add3,conv19,9248.0,14796800.0,,1520.43,263083,230400.0,1,1,1,32,2,1,0.0,1,1,1,False,,False,,54.82708740234375,54.82708740234375,yolo11n/conv18,1,0,1,0.91847,0,32,0.9226745963096619,0.024326924234628677,0.6498401791007469,128,256,yolo11n_context_0,False,0.00116091,0,29491200.0,5120,8,-0.8244034051895142,10.239957809448242,-0.4845360815525055,0.3286326229572296,-0.2939767837524414,7.202431678771973,8,8,16,0.9226745963096619,1.0,1.0,0.7043004995475695,1.0,0.6498401791007469,False,False,True
conv19,conv,40,40,32,32,3,3,1,1,conv18,ew_add4,9248.0,14796800.0,,1522.26,262767,230400.0,1,1,1,32,2,1,0.0,1,1,1,False,,False,,54.82708740234375,54.82708740234375,yolo11n/conv19,1,0,1,0.914035,0,32,0.9237841963768005,0.0243561789393425,0.6498401820680699,25,1280,yolo11n_context_0,False,0.001182775,0,29491200.0,7680,8,-0.2939767837524414,7.202431678771973,-0.9417890310287476,0.9281389117240906,-0.3179680407047272,13.195672988891602,8,8,16,0.9237841963768005,1.0,1.0,0.7034545347461302,1.0,0.6498401820680699,False,True,False
ew_add4,ew_add,40,40,32,32,,,,,ew_add3 conv19,concat3,0,25600.0,,19783.37,20219,,1,1,1,32,0,1,0.0,,,,False,,False,,54.82708740234375,0.0,yolo11n/ew_add4,1,0,1,0.8733150000000001,0,32,0.6330679059028625,0.3165339529514313,0.03426692863764858,25,1280,yolo11n_context_0,False,0.001184035,0,51200.0,0,8,N/A,N/A,N/A,N/A,-1.0161292552947998,22.539592742919922,8,8,16,0.6330679059028625,1.0,1.0,0.05412836177309938,1.0,0.03426692863764858,False,False,False
concat3,concat,40|40,40|40,64,32|32,,,,,ew_add4 conv15,conv20,0,0,,25209.55,15867,,1,1,1,64,0,1,1,,,,False,,False,,54.82708740234375,0.0,yolo11n/concat3,0,0,1,0.906515,0,64,0.8067057132720947,0.8067057132720947,0.03426692746785689,64,512,yolo11n_context_0,False,0.001218495,0,0,0,8,-1.0161292552947998,22.539592742919922,N/A,N/A,-1.0161292552947998,22.539592742919922,8,8,8,0.8067057132720947,1.0,1.0,0.04247760602669608,0.0,0.03426692746785689,False,False,True
conv20,conv,40,40,64,64,1,1,1,1,concat3,concat4,4160.0,6656000.0,,3337.20,119861,102400.0,1,1,1,64,8,1,0.0,1,1,1,False,,False,,109.6541748046875,109.6541748046875,yolo11n/conv20,1,0,1,0.9151075000000001,0,64,0.8676717281341553,0.10679036378860474,0.27841879810323983,64,512,yolo11n_context_0,False,0.001227285,0,13107200.0,0,8,-1.0161292552947998,22.539592742919922,-0.8278286457061768,0.7685943841934204,-0.39234113693237305,12.113533020019531,8,8,16,0.8676717281341553,1.0,1.0,0.3208803388142572,1.0,0.27841879810323983,False,True,True
concat4,concat,40|40|40,40|40|40,192,64|64|64,,,,,conv_feature_splitter3_1 conv_feature_splitter3_2 conv20,conv21,0,0,,9464.10,42265,,1,1,1,192,0,1,1,,,,False,,False,,109.6541748046875,0.0,yolo11n/concat4,0,0,1,0.9179,0,192,0.9085531830787659,0.9085531830787659,0.10280078675482558,1,1536,yolo11n_context_0,False,0.001231595,0,0,0,8,-0.3259216248989105,10.062829971313477,N/A,N/A,-0.39234113693237305,12.113533020019531,8,8,8,0.9085531830787659,1.0,1.0,0.11314779219249446,0.0,0.10280078675482558,False,True,True
conv21,conv,40,40,128,192,1,1,1,1,concat4,conv22 concat9,24704.0,39526400.0,,1242.46,321941,307200.0,2,1,1,64,8,1,0.0,1,1,1,False,,False,,328.9625244140625,219.308349609375,yolo11n/conv21,2,0,1,0.9216725,0,64,0.9591819643974304,0.0795176774263382,0.8266896562065255,6,5120,yolo11n_context_0,False,0.0012358925,0,78643200.0,2048,8,-0.39234113693237305,12.113533020019531,-0.89710932970047,0.6675722002983093,-0.42519906163215637,13.128021240234375,8,8,16,0.9591819643974304,1.0,1.0,0.8618694751270285,1.0,0.8266896562065255,False,True,False
conv22,conv,40,40,256,128,3,3,2,2,conv21,conv_feature_splitter4_1 conv_feature_splitter4_2,295168.0,118067200.0,,1267.37,315614,230400.0,8,1,1,32,4,2,0.0,1,1,1,False,,False,,219.308349609375,109.6541748046875,yolo11n/conv22,16,0,1,0.9247375,0,32,0.9060054421424866,0.04866704344749451,0.7655124823079814,10,6144,yolo11n_context_0,False,0.001261185,0,235929600.0,12288,8,-0.42519906163215637,13.128021240234375,-0.4697984457015991,0.2927439510822296,-0.31112760305404663,9.606064796447754,8,8,16,0.9060054421424866,1.0,1.0,0.8449314393716302,1.0,0.7655124823079814,False,False,False
conv_feature_splitter4_1,conv,20,20,128,256,1,1,1,1,conv22,concat6,32896.0,13158400.0,,1562.13,256061,204800.0,1,1,1,128,8,1,0.0,1,1,1,False,,False,,109.6541748046875,54.82708740234375,yolo11n/conv_feature_splitter4_1,1,0,1,0.9083275,0,128,0.9635204076766968,0.029992852360010147,0.6604950476527225,32,1024,yolo11n_context_0,False,0.001293205,0,26214400.0,0,8,-0.31112760305404663,9.606064796447754,-0.9073430895805359,1.520443320274353,-0.28871721029281616,7.891603469848633,8,8,16,0.9635204076766968,0.8333333333333334,1.0,0.6855018766497653,1.0,0.5504125397106021,False,False,True
conv_feature_splitter4_2,conv,20,20,128,256,1,1,1,1,conv22,conv24 conv25 concat6,32896.0,13158400.0,,1562.13,256061,204800.0,1,1,1,128,8,3,0.0,1,1,1,False,,False,,109.6541748046875,54.82708740234375,yolo11n/conv_feature_splitter4_2,1,0,1,0.9083275,0,128,0.9635204076766968,0.029992852360010147,0.6604950476527225,96,1024,yolo11n_context_0,False,0.001293205,0,26214400.0,0,8,-0.31112760305404663,9.606064796447754,-0.7129464745521545,0.9931719303131104,-0.32540178298950195,8.894314765930176,8,8,16,0.9635204076766968,0.8333333333333334,1.0,0.6855018766497653,1.0,0.5504125397106021,False,False,True
conv24,conv,20,20,64,128,1,1,1,1,conv_feature_splitter4_2,conv26 ew_add5,8256.0,3302400.0,,6088.19,65701,51200.0,1,1,1,64,8,1,0.0,1,1,1,False,,False,,54.82708740234375,27.413543701171875,yolo11n/conv24,1,0,1,0.9004949999999999,0,64,0.9424514174461365,0.058446597307920456,0.16576626896762475,21,1536,yolo11n_context_0,False,0.0012960625,0,6553600.0,1024,8,-0.32540178298950195,8.894314765930176,-1.140887975692749,0.6973824501037598,-0.28344130516052246,5.276369094848633,8,8,16,0.9424514174461365,0.8333333333333334,1.0,0.17588839689670127,1.0,0.13813855747302062,False,True,False
conv25,conv,20,20,64,128,1,1,1,1,conv_feature_splitter4_2,concat5,8256.0,3302400.0,,6088.19,65701,51200.0,1,1,1,64,8,1,0.0,1,1,1,False,,False,,54.82708740234375,27.413543701171875,yolo11n/conv25,1,0,1,0.9004949999999999,0,64,0.9424514174461365,0.058446597307920456,0.16576626896762475,21,1536,yolo11n_context_0,False,0.0012960625,0,6553600.0,1024,8,-0.32540178298950195,8.894314765930176,-0.7580373287200928,1.0403544902801514,-0.7276829481124878,12.526542663574219,8,8,16,0.9424514174461365,0.8333333333333334,1.0,0.17588839689670127,1.0,0.13813855747302062,False,True,False
conv26,conv,20,20,64,64,3,3,1,1,conv24,conv27,36928.0,14771200.0,,1151.08,347499,230400.0,1,1,1,64,2,1,0.0,1,1,1,False,,False,,27.413543701171875,27.413543701171875,yolo11n/conv26,2,0,1,0.9518725,0,64,0.8766413927078247,0.01105039194226265,0.8155315050264669,64,512,yolo11n_context_0,False,0.0013716275,0,29491200.0,6144,8,-0.28344130516052246,5.276369094848633,-1.081864356994629,0.7633795142173767,-0.2976151406764984,7.291570663452148,8,8,16,0.8766413927078247,0.8333333333333334,1.0,0.9302908940991278,1.0,0.6796095875220557,False,False,True
conv27,conv,20,20,64,64,3,3,1,1,conv26,ew_add5,36928.0,14771200.0,,1152.38,347107,230400.0,1,1,1,64,2,1,0.0,1,1,1,False,,False,,27.413543701171875,27.413543701171875,yolo11n/conv27,2,0,1,0.9610925,0,64,0.8776313662528992,0.011062870733439922,0.8155314603760396,21,1536,yolo11n_context_0,False,0.0014391775,0,29491200.0,9216,8,-0.2976151406764984,7.291570663452148,-0.5607828497886658,0.4706035852432251,-0.3042300045490265,7.453635215759277,8,8,16,0.8776313662528992,0.8333333333333334,1.0,0.9292414694087349,1.0,0.6796095503133663,False,True,False
ew_add5,ew_add,20,20,64,64,,,,,conv24 conv27,conv28 ew_add6,0,12800.0,,32789.57,12199,,1,1,1,64,0,1,0.0,,,,False,,False,,27.413543701171875,0.0,yolo11n/ew_add5,1,0,1,0.8606325,0,64,0.6295598149299622,0.3147799074649811,0.020560157687653218,21,1536,yolo11n_context_0,False,0.0014406975,0,25600.0,0,8,N/A,N/A,N/A,N/A,-1.0487476587295532,7.578047275543213,8,8,16,0.6295598149299622,0.8333333333333334,1.0,0.032657989280876376,1.0,0.01713346473971102,False,False,False
conv28,conv,20,20,64,64,3,3,1,1,ew_add5,conv29,36928.0,14771200.0,,1151.08,347499,230400.0,1,1,1,64,2,1,0.0,1,1,1,False,,False,,27.413543701171875,27.413543701171875,yolo11n/conv28,2,0,1,0.9391075,0,64,0.8766413927078247,0.01105039194226265,0.8155315050264669,64,512,yolo11n_context_0,False,0.0015206925,0,29491200.0,6144,8,-1.0487476587295532,7.578047275543213,-0.589674174785614,0.3501373827457428,-0.2961869239807129,6.56996488571167,8,8,16,0.8766413927078247,0.8333333333333334,1.0,0.9302908940991278,1.0,0.6796095875220557,False,False,True
conv29,conv,20,20,64,64,3,3,1,1,conv28,ew_add6,36928.0,14771200.0,,1152.38,347107,230400.0,1,1,1,64,2,1,0.0,1,1,1,False,,False,,27.413543701171875,27.413543701171875,yolo11n/conv29,2,0,1,0.9483275,0,64,0.8776313662528992,0.011062870733439922,0.8155314603760396,21,1536,yolo11n_context_0,False,0.0015882425,0,29491200.0,9216,8,-0.2961869239807129,6.56996488571167,-1.2787214517593384,0.8601571321487427,-0.33130311965942383,13.749079704284668,8,8,16,0.8776313662528992,0.8333333333333334,1.0,0.9292414694087349,1.0,0.6796095503133663,False,True,False
ew_add6,ew_add,20,20,64,64,,,,,ew_add5 conv29,concat5,0,12800.0,,32789.57,12199,,1,1,1,64,0,1,0.0,,,,False,,False,,27.413543701171875,0.0,yolo11n/ew_add6,1,0,1,0.8478675,0,64,0.6295598149299622,0.3147799074649811,0.020560157687653218,21,1536,yolo11n_context_0,False,0.0015897625,0,25600.0,0,8,N/A,N/A,N/A,N/A,-1.4269819259643555,24.56447410583496,8,8,16,0.6295598149299622,0.8333333333333334,1.0,0.032657989280876376,1.0,0.01713346473971102,False,False,False
concat5,concat,20|20,20|20,128,64|64,,,,,ew_add6 conv25,conv30,0,0,,46152.07,8667,,1,1,1,128,0,1,1,,,,False,,False,,27.413543701171875,0.0,yolo11n/concat5,0,0,1,0.8526075,0,128,0.8861197829246521,0.8861197829246521,0.020560157624145228,32,1024,yolo11n_context_0,False,0.0015960225,0,0,0,8,-1.4269819259643555,24.56447410583496,N/A,N/A,-1.4269819259643555,24.56447410583496,8,8,8,0.8861197829246521,0.8333333333333334,1.0,0.023202458652131778,0.0,0.01713346468678769,False,False,True
conv30,conv,20,20,128,128,1,1,1,1,concat5,concat6,16512.0,6604800.0,,3003.43,133181,102400.0,1,1,1,128,8,1,0.0,1,1,1,False,,False,,54.82708740234375,54.82708740234375,yolo11n/conv30,1,0,1,0.8652449999999999,0,128,0.929862380027771,0.057665884494781494,0.33153253921817477,32,1024,yolo11n_context_0,False,0.0016090175,0,13107200.0,0,8,-1.4269819259643555,24.56447410583496,-0.9548546671867371,0.5455489158630371,-0.3370526432991028,9.212772369384766,8,8,16,0.929862380027771,0.8333333333333334,1.0,0.3565393614572011,1.0,0.27627711601514565,False,True,True
concat6,concat,20|20|20,20|20|20,384,128|128|128,,,,,conv_feature_splitter4_1 conv_feature_splitter4_2 conv30,conv31,0,0,,16511.87,24225,,1,1,1,384,0,1,1,,,,False,,False,,54.82708740234375,0.0,yolo11n/concat6,0,0,1,0.8678750000000001,0,384,0.9510836005210876,0.9510836005210876,0.06168047219459157,10,3072,yolo11n_context_0,False,0.001617215,0,0,0,8,N/A,N/A,N/A,N/A,-0.3370526432991028,9.212772369384766,8,8,8,0.9510836005210876,0.8333333333333334,1.0,0.0648528396040028,0.0,0.051400393495492976,False,True,True
conv31,conv,20,20,256,384,1,1,1,1,concat6,conv32,98560.0,39424000.0,,1989.05,201101,153600.0,4,1,1,64,8,1,0.0,1,1,1,False,,False,,164.48126220703125,109.6541748046875,yolo11n/conv31,4,0,1,0.877025,0,64,0.9189411997795105,0.07637953013181686,0.4947287671317493,1,2048,yolo11n_context_0,False,0.00162737,0,78643200.0,0,8,-0.3370526432991028,9.212772369384766,-0.7529144287109375,0.8506293892860413,-0.27964210510253906,11.605147361755371,8,8,16,0.9189411997795105,0.8333333333333334,1.0,0.5383682516905911,1.0,0.4122739726097911,False,True,True
conv32,conv,20,20,128,256,1,1,1,1,conv31,maxpool1 concat7,32896.0,13158400.0,,1575.04,253961,204800.0,1,1,1,128,8,3,0.0,1,1,1,False,,False,,109.6541748046875,54.82708740234375,yolo11n/conv32,1,0,1,0.8794350000000001,0,128,0.9714877605438232,0.03024086356163025,0.6604950584825904,31,3072,yolo11n_context_0,False,0.0016381775,0,26214400.0,1024,8,-0.27964210510253906,11.605147361755371,-0.6625500917434692,0.5983967185020447,-4.749344348907471,8.414599418640137,8,8,16,0.9714877605438232,0.8333333333333334,1.0,0.6798799586655172,1.0,0.5504125487354921,False,True,False
maxpool1,maxpool,20,20,128,128,5,5,1,1,conv32,maxpool2 concat7,0,0,,1288.50,310439,,1,1,1,128,0,2,1,,1,1,False,,False,,54.82708740234375,54.82708740234375,yolo11n/maxpool1,0,0,1,0.9550974999999999,0,128,0.23267695307731628,0.8391084671020508,0.19337256353133814,20,3072,yolo11n_context_0,False,0.0017469275,0,0,0,8,-4.749344348907471,8.414599418640137,N/A,N/A,-4.749344348907471,8.414599418640137,8,8,8,0.23267695307731628,0.8333333333333334,1.0,0.8310774271961621,0.0,0.1611438029427818,False,False,False
maxpool2,maxpool,20,20,128,128,5,5,1,1,maxpool1,maxpool3 concat7,0,0,,1288.50,310439,,1,1,1,128,0,2,1,,1,1,False,,False,,54.82708740234375,54.82708740234375,yolo11n/maxpool2,0,0,1,0.962225,0,128,0.23267695307731628,0.8391084671020508,0.19337256353133814,20,3072,yolo11n_context_0,False,0.0018710075,0,0,0,8,-4.749344348907471,8.414599418640137,N/A,N/A,-4.749344348907471,8.414599418640137,8,8,8,0.23267695307731628,0.8333333333333334,1.0,0.8310774271961621,0.0,0.1611438029427818,False,False,False
maxpool3,maxpool,20,20,128,128,5,5,1,1,maxpool2,concat7,0,0,,1288.50,310439,,1,1,1,128,0,1,1,,1,1,False,,False,,54.82708740234375,54.82708740234375,yolo11n/maxpool3,0,0,1,0.95239,0,128,0.23267695307731628,0.8391084671020508,0.19337256353133814,10,3072,yolo11n_context_0,False,0.0019950875,0,0,0,8,-4.749344348907471,8.414599418640137,N/A,N/A,-4.749344348907471,8.414599418640137,8,8,8,0.23267695307731628,0.8333333333333334,1.0,0.8310774271961621,0.0,0.1611438029427818,False,False,False
concat7,concat,20|20|20|20,20|20|20|20,512,128|128|128|128,,,,,conv32 maxpool1 maxpool2 maxpool3,conv33,0,0,,12596.44,31755,,1,1,1,512,0,1,1,,,,False,,False,,54.82708740234375,0.0,yolo11n/concat7,0,0,1,0.8458075,0,512,0.967406690120697,0.967406690120697,0.08224062731176676,8,4096,yolo11n_context_0,False,0.00202242,0,0,0,8,-4.749344348907471,8.414599418640137,N/A,N/A,-4.749344348907471,8.414599418640137,8,8,8,0.967406690120697,0.8333333333333334,1.0,0.08501143123323464,0.0,0.06853385609313897,False,False,True
conv33,conv,20,20,256,512,1,1,1,1,concat7,conv_feature_splitter5_1 conv_feature_splitter5_2,131328.0,52531200.0,,1523.57,262541,204800.0,4,1,1,64,8,2,0.0,1,1,1,False,,False,,219.308349609375,109.6541748046875,yolo11n/conv33,4,0,1,0.8695025000000001,0,64,0.9379106760025024,0.05850514769554138,0.6592100583832783,32,2048,yolo11n_context_0,False,0.0020474325,0,104857600.0,0,8,-4.749344348907471,8.414599418640137,-1.0863518714904785,0.6117270588874817,-0.2826119661331177,6.268847465515137,8,8,16,0.9379106760025024,0.8333333333333334,1.0,0.7028495092868731,1.0,0.5493417153193986,False,True,True
conv_feature_splitter5_1,conv,20,20,128,256,1,1,1,1,conv33,concat8,32896.0,13158400.0,,1583.15,252661,204800.0,1,1,1,128,8,1,0.0,1,1,1,False,,False,,109.6541748046875,54.82708740234375,yolo11n/conv_feature_splitter5_1,1,0,1,0.8691925,0,128,0.9764862656593323,0.030396459624171257,0.6604950403111666,10,3072,yolo11n_context_0,False,0.00205808,0,26214400.0,1024,8,-0.2826119661331177,6.268847465515137,-1.6985260248184204,3.165083408355713,-3.539278268814087,14.157113075256348,8,8,16,0.9764862656593323,0.8333333333333334,1.0,0.6763997237228876,1.0,0.5504125335926388,False,True,False
conv_feature_splitter5_2,conv,20,20,128,256,1,1,1,1,conv33,format_conversion1 conv36,32896.0,13158400.0,,1559.05,256567,204800.0,1,1,1,128,8,5,0.0,1,1,1,False,,False,,109.6541748046875,54.82708740234375,yolo11n/conv_feature_splitter5_2,1,0,1,0.8696725,0,128,0.9616201519966125,0.02993370220065117,0.6604950434422063,5,3072,yolo11n_context_0,False,0.00205856,0,26214400.0,1024,8,-0.2826119661331177,6.268847465515137,-3.65272855758667,2.8107783794403076,-0.2865338623523712,10.151485443115234,8,8,16,0.9616201519966125,0.8333333333333334,1.0,0.6868564911735887,1.0,0.5504125362018387,False,True,False
conv_feature_splitter6_1,conv,20,20,64,128,1,1,1,1,format_conversion1,matmul1,8256.0,3302400.0,,6086.33,65721,51200.0,1,1,1,64,8,1,0.0,1,1,1,False,,False,,54.82708740234375,27.413543701171875,yolo11n/conv_feature_splitter6_1,1,0,1,0.844475,0,64,0.9421645998954773,0.0584288127720356,0.16576626653708768,21,1536,yolo11n_context_0,False,0.00206677,0,6553600.0,1024,8,-0.2865338623523712,10.151485443115234,-0.08445277065038681,0.0982014462351799,-1.1519427299499512,1.6456323862075806,8,8,16,0.9421645998954773,0.8333333333333334,1.0,0.1759419389727417,1.0,0.13813855544757309,False,False,False
conv_feature_splitter6_2,conv,20,20,66,128,1,1,1,1,format_conversion1,matmul1,8514.0,3405600.0,,5415.58,73861,52800.0,1,1,1,72,9,1,0.0,1,1,1,False,,False,,54.82708740234375,30.84023666381836,yolo11n/conv_feature_splitter6_2,1,0,1,0.8454925000000001,0,66,0.9431228637695312,0.05848824232816696,0.18648704506872485,18,1728,yolo11n_context_0,False,0.0020677875,0,6758400.0,1152,8,-0.2865338623523712,10.151485443115234,-0.5763933062553406,0.5457068085670471,-19.128002166748047,18.978565216064453,8,8,16,0.9431228637695312,0.8333333333333334,0.9166666666666666,0.19773356392120747,1.0,0.14245538164972038,False,False,False
conv_feature_splitter6_3,conv,20,20,128,128,1,1,1,1,format_conversion1,activation1 format_conversion2,16512.0,6604800.0,,3081.64,129801,102400.0,1,1,1,128,8,1,0.0,1,1,1,False,,False,,54.82708740234375,54.82708740234375,yolo11n/conv_feature_splitter6_3,1,0,1,0.852485,0,128,0.9540758728981018,0.059167493134737015,0.33153254120878334,10,3072,yolo11n_context_0,False,0.00207478,0,13107200.0,1024,8,-0.2865338623523712,10.151485443115234,-0.7838792204856873,1.0436640977859497,-11.950152397155762,11.490530967712402,8,8,16,0.9540758728981018,0.8333333333333334,1.0,0.34749075060636403,1.0,0.27627711767398616,False,False,False
activation1,activation,20,20,128,128,,,,,conv_feature_splitter6_3,matmul2,0,0,,18131.54,22061,,1,1,1,128,1,1,0.0,,,,False,,False,,62.661781311035156,62.661781311035156,yolo11n/activation1,1,0,1,0.202815,0,128,0.5076832175254822,0.3481256663799286,0.03426815894867015,10,3072,yolo11n_context_1,False,0.0002047775,0,0,0,8,-11.950152397155762,11.490530967712402,N/A,N/A,-11.840531349182129,11.748026847839355,8,8,8,0.5076832175254822,0.8333333333333334,1.0,0.06749909740112717,0.0,0.028556799123891797,False,False,False
matmul1,matmul,20|20,20|20,800,64|66,,,,,conv_feature_splitter6_1 conv_feature_splitter6_2,reduce_max_softmax1 ew_sub_softmax1,0,10240000.0,,1383.78,289063,,1,1,1,960,3,4,1,2,,,False,,False,,31.330890655517578,469.9633483886719,yolo11n/matmul1,0,0,1,0.7615375,0,800,0.8966903686523438,0.16605377197265625,0.7930631697857397,4,19200,yolo11n_context_1,False,0.00076257,0,20480000.0,384,8,N/A,N/A,N/A,N/A,-9.619919776916504,38.479679107666016,8,8,16,0.8966903686523438,0.8333333333333334,0.8333333333333334,0.8844336880495909,1.0,0.5507383123512081,False,False,False
reduce_max_softmax1,reduce_max,20,20,2,800,,,,,matmul1,ew_sub_softmax1,0,0,,8196.89,48799,,1,1,1,2,0,1,1,2,,,False,,False,,391.6361389160156,0.0,yolo11n/reduce_max_softmax1,0,0,1,0.712695,0,2,0.9836267232894897,0.9938728213310242,0.14686354684581104,255,48,yolo11n_context_1,False,0.0007686625,0,0,0,8,-9.619919776916504,38.479679107666016,N/A,N/A,-9.619919776916504,38.479679107666016,8,8,8,0.9836267232894897,0.8333333333333334,1.0,0.14930821150798262,0.0,0.12238628903817586,False,False,False
ew_sub_softmax1,ew_sub,20,20,800,800,,,,,matmul1 reduce_max_softmax1,reduce_sum_softmax1 ew_mult_softmax1,0,160000.0,,3560.02,112359,,1,1,1,800,0,2,0.0,,,,False,,False,,391.6361389160156,0.0,yolo11n/ew_sub_softmax1,1,0,1,0.7206425000000001,0,800,0.8544042110443115,0.42720210552215576,0.29372709922690965,2,19200,yolo11n_context_1,False,0.0007827025,0,320000.0,0,8,-9.619919776916504,38.479679107666016,N/A,N/A,0.0,1.0,8,8,16,0.8544042110443115,0.8333333333333334,1.0,0.34378002288623577,1.0,0.24477258268909138,False,False,False
reduce_sum_softmax1,reduce_sum,20,20,2,800,,,,,ew_sub_softmax1,ew_mult_softmax1,0,160000.0,,8237.40,48559,,1,1,1,2,0,1,1,2,,,False,,False,,391.6361389160156,0.9790903329849243,yolo11n/reduce_sum_softmax1,0,0,1,0.712665,0,2,0.9909594655036926,0.0024712206795811653,0.14723070636896346,255,48,yolo11n_context_1,False,0.000788765,0,320000.0,0,8,0.0,1.0,N/A,N/A,0.0,0.9483454823493958,8,8,8,0.9909594655036926,0.8333333333333334,1.0,0.14857389378094077,1.0,0.12269225530746955,False,False,False
ew_mult_softmax1,ew_mult,20,20,800,2,,,,,reduce_sum_softmax1 ew_sub_softmax1,matmul2,0,160000.0,,4150.28,96379,,1,1,1,800,0,1,1,,,,False,,False,,0.9790903329849243,0.0,yolo11n/ew_mult_softmax1,0,0,1,0.718645,0,800,0.9960675835609436,0.9960675835609436,0.29372708358377697,1,19200,yolo11n_context_1,False,0.0008008075,0,320000.0,0,8,0.0,0.9483454823493958,N/A,N/A,0.0,0.9483455419540405,8,8,16,0.9960675835609436,0.8333333333333334,1.0,0.2948867008940318,1.0,0.24477256965314753,False,False,False
matmul2,matmul,20|20,20|64,128,800|40,,,,,ew_mult_softmax1 activation1,format_conversion3,0,20480000.0,,2043.08,195783,,2,1,1,64,4,1,1,2,,,False,,False,,391.6361389160156,62.661781311035156,yolo11n/matmul2,0,0,1,0.81859,0,64,0.9831292629241943,0.03922710195183754,0.588922806327027,12,3072,yolo11n_context_1,False,0.0008252625,0,40960000.0,1024,8,N/A,N/A,N/A,N/A,-10.77605152130127,9.884799003601074,8,8,16,0.9831292629241943,0.8333333333333334,1.0,0.5990288648059872,1.0,0.49076900527252254,False,False,False
dw1,dw,20,20,128,128,3,3,1,1,format_conversion2 format_conversion3,conv36,1280.0,102400,,2877.49,139010,7200,3.0,3.0,3.0,1152,1,4.0,,1,1,1,False,,True,combined (SUPER_DW),702.438591003418,4043.6822633743286,,1.0,0.0,3.0,0.6084725000000001,0,1152,0.2909015417098999,0.02216392755508423,0.10280448414827885,23.0,33536,yolo11n_context_1,False,0.000839695,0,102400,0,8,-11.950152397155762,11.490530967712402,-2.7071335315704346,2.500162124633789,-6.469550609588623,9.242215156555176,8,8,16,0.8727046251296997,0.8333333333333334,1.0,0.3533995851104842,0.3333333333333333,0.2570112103706971,False,False,False
conv36,conv,20|20,20|20,128,128|128,1,1,1,1,dw1 conv_feature_splitter5_2,conv37 conv38,16512.0,6604800.0,,2839.68,140861,102400.0,1,1,1,128,8,1,0.0,1,1,1,False,,True,,62.661781311035156,62.661781311035156,yolo11n/conv36,1,0,1,0.6745325,0,128,0.933686375617981,0.0545218326151371,0.40240610388124987,32,1024,yolo11n_context_1,False,0.0009201875,0,13107200.0,0,8,N/A,N/A,-1.4117052555084229,1.1237789392471313,-5.592690944671631,11.38512134552002,8,8,16,0.933686375617981,0.8333333333333334,1.0,0.430986372286849,1.0,0.3353384199010416,False,False,True
conv37,conv,20,20,256,128,1,1,1,1,conv36,conv38,33024.0,13209600.0,,1502.96,266141,204800.0,1,1,1,256,8,1,0.0,1,1,1,False,,False,,62.661781311035156,125.32356262207031,yolo11n/conv37,1,0,1,0.6917225,0,256,0.9306344985961914,0.057713769376277924,0.7578158823466622,16,2048,yolo11n_context_1,False,0.0009432675,0,26214400.0,0,8,-5.592690944671631,11.38512134552002,-0.520831286907196,0.4789319634437561,-0.30418363213539124,6.747345924377441,8,8,16,0.9306344985961914,0.8333333333333334,1.0,0.8143002258027011,1.0,0.6315132352888851,False,True,True
conv38,conv,20|20,20|20,128,256|128,1,1,1,1,conv37 conv36,concat8,32896.0,13158400.0,,1492.42,268021,204800.0,1,1,1,128,8,1,0.0,1,1,1,False,,True,,125.32356262207031,62.661781311035156,yolo11n/conv38,1,0,1,0.6945025,0,128,0.9778338074684143,0.028654471039772034,0.8018749423606231,10,3072,yolo11n_context_1,False,0.000957155,0,26214400.0,1024,8,-0.30418363213539124,6.747345924377441,-1.477177619934082,1.5028918981552124,-8.99404239654541,35.97616958618164,8,8,16,0.9778338074684143,0.8333333333333334,1.0,0.8200523813311956,1.0,0.6682291186338525,False,True,False
concat8,concat,20|20,20|20,256,128|128,,,,,conv_feature_splitter5_1 conv38,conv39,0,0,,24469.32,16347,,1,1,1,256,0,1,1,,,,False,,False,,62.661781311035156,0.0,yolo11n/concat8,0,0,1,0.7128,0,256,0.9396219253540039,0.9396219253540039,0.046996333348923,16,2048,yolo11n_context_1,False,0.00100895,0,0,0,8,N/A,N/A,N/A,N/A,-8.99404239654541,35.97616958618164,8,8,8,0.9396219253540039,0.8333333333333334,1.0,0.05001621618313884,0.0,0.03916361112410251,False,False,True
conv39,conv,20,20,256,256,1,1,1,1,concat8,resize1 concat15,65792.0,26316800.0,,1559.33,256521,204800.0,2,1,1,128,8,4,0.0,1,1,1,False,,False,,125.32356262207031,125.32356262207031,yolo11n/conv39,2,0,1,0.7330375,0,128,0.9617925882339478,0.059878136962652206,0.7548786127708883,21,6144,yolo11n_context_1,False,0.001029865,0,52428800.0,2048,8,-8.99404239654541,35.97616958618164,-0.2745377719402313,0.3236740231513977,-0.3012852668762207,9.3021821975708,8,8,16,0.9617925882339478,0.8333333333333334,1.0,0.7848663235771064,1.0,0.6290655106424069,False,True,False
resize1,resize,20,20,256,256,,,,,conv39,concat9,0,0,,2595.73,154099,,1,1,1,256,0,1,1,,,,False,,False,,125.32356262207031,0.0,yolo11n/resize1,0,0,1,0.75422,0,256,0.33225393295288086,0.33225393295288086,0.15665444480716811,3,10240,yolo11n_context_1,False,0.001083105,0,0,0,8,-0.3012852668762207,9.3021821975708,N/A,N/A,-0.3012852668762207,9.3021821975708,8,8,8,0.33225393295288086,0.8333333333333334,1.0,0.4714901142475997,0.0,0.1305453706726401,False,False,False
concat9,concat,40|40,40|40,384,256|128,,,,,resize1 conv21,conv_feature_splitter7_1 conv_feature_splitter7_2,0,0,,4970.98,80467,,1,1,1,384,0,1,1,,,,False,,False,,501.29425048828125,0.0,yolo11n/concat9,0,0,1,0.7950674999999999,0,384,0.954428493976593,0.954428493976593,0.23498166538614254,10,3072,yolo11n_context_1,False,0.00113358,0,0,0,8,N/A,N/A,N/A,N/A,-0.42519906163215637,13.128021240234375,8,8,8,0.954428493976593,1.0,1.0,0.24620143559115637,0.0,0.23498166538614254,False,False,True
conv_feature_splitter7_1,conv,40,40,64,384,1,1,1,1,concat9,concat10,24640.0,39424000.0,,1268.31,315381,307200.0,2,1,1,32,4,1,0.0,1,1,1,False,,False,,751.94140625,125.32356262207031,yolo11n/conv_feature_splitter7_1,2,0,1,0.7981499999999999,0,32,0.9765965342521667,0.04058583080768585,0.9423743905743667,1,2560,yolo11n_context_1,False,0.0011376675,0,78643200.0,1024,8,-0.42519906163215637,13.128021240234375,-0.5525227189064026,0.5683567523956299,-0.5258530974388123,9.788957595825195,8,8,16,0.9765965342521667,1.0,1.0,0.964957746134123,1.0,0.9423743905743667,False,True,False
conv_feature_splitter7_2,conv,40,40,64,384,1,1,1,1,concat9,conv41 ew_add10 concat10,24640.0,39424000.0,,1257.94,317981,307200.0,2,1,1,32,4,9,0.0,1,1,1,False,,False,,751.94140625,125.32356262207031,yolo11n/conv_feature_splitter7_2,2,0,1,0.80137,0,32,0.9686113595962524,0.040253978222608566,0.9423744430988695,9,2560,yolo11n_context_1,False,0.0011408875,0,78643200.0,1024,8,-0.42519906163215637,13.128021240234375,-0.6570706367492676,0.5557191967964172,-0.3180549740791321,5.920715808868408,8,8,16,0.9686113595962524,1.0,1.0,0.9729128548437432,1.0,0.9423744430988695,False,True,False
conv41,conv,40,40,32,64,3,3,1,1,conv_feature_splitter7_2,conv42,18464.0,29542400.0,,1299.47,307817,230400.0,2,1,2,16,2,1,0.0,1,1,1,True,,False,,125.32356262207031,62.661781311035156,yolo11n/conv41,1,0,1,0.8178025,0,16,0.9447041749954224,0.02494988963007927,0.8897360893743183,128,256,yolo11n_context_1,False,0.0011773475,0,58982400.0,6144,8,-0.3180549740791321,5.920715808868408,-0.5089982151985168,0.6382482647895813,-0.3036215603351593,6.7348785400390625,8,8,16,0.9447041749954224,0.8333333333333334,1.0,0.9418144991035204,1.0,0.7414467411452652,False,False,True
conv42,conv,40,40,64,32,3,3,1,1,conv41,ew_add10,18496.0,29593600.0,,1263.84,316497,230400.0,2,1,2,32,2,2,0.0,1,1,1,True,,False,,62.661781311035156,125.32356262207031,yolo11n/conv42,1,0,1,0.8234225000000001,0,32,0.9203499555587769,0.04853126406669617,0.8912414249572754,2,2560,yolo11n_context_1,False,0.00120914,0,58982400.0,18432,8,-0.3036215603351593,6.7348785400390625,-1.1243562698364258,0.8030470013618469,-0.2966367304325104,10.509415626525879,8,8,16,0.9203499555587769,0.8333333333333334,1.0,0.9683723235648677,1.0,0.7427011874643962,False,True,False
ew_add10,ew_add,40,40,64,64,,,,,conv_feature_splitter7_2 conv42,concat10,0,51200.0,,10065.68,39739,,1,1,1,64,0,1,0.0,,,,False,,False,,125.32356262207031,0.0,yolo11n/ew_add10,1,0,1,0.7809125,0,64,0.6442034244537354,0.3221017122268677,0.07832722386400126,12,2560,yolo11n_context_1,False,0.00121162,0,102400.0,0,8,-0.3180549740791321,5.920715808868408,N/A,N/A,-0.7470794320106506,13.907170295715332,8,8,16,0.6442034244537354,1.0,1.0,0.12158771731215234,1.0,0.07832722386400126,False,False,False
concat10,concat,40|40|40,40|40|40,192,64|64|64,,,,,conv_feature_splitter7_1 conv_feature_splitter7_2 ew_add10,conv43,0,0,,9636.00,41511,,1,1,1,192,0,1,1,,,,False,,False,,125.32356262207031,0.0,yolo11n/concat10,0,0,1,0.7936025,0,192,0.925055980682373,0.925055980682373,0.1174908326982688,21,1536,yolo11n_context_1,False,0.00122679,0,0,0,8,N/A,N/A,N/A,N/A,-0.7470794320106506,13.907170295715332,8,8,8,0.925055980682373,1.0,1.0,0.12700942986347807,0.0,0.1174908326982688,False,False,True
conv43,conv,40,40,128,192,1,1,1,1,concat10,resize2 concat13,24704.0,39526400.0,,1242.46,321941,307200.0,2,1,1,64,8,14,0.0,1,1,1,False,,False,,375.970703125,250.64712524414062,yolo11n/conv43,2,0,1,0.804775,0,64,0.9591819643974304,0.0795176774263382,0.9448221445751456,14,5120,yolo11n_context_1,False,0.00123848,0,78643200.0,2048,8,-0.7470794320106506,13.907170295715332,-1.3295758962631226,0.7212582230567932,-0.29144740104675293,7.140461444854736,8,8,16,0.9591819643974304,1.0,1.0,0.9850290973399339,1.0,0.9448221445751456,False,True,False
resize2,resize,40,40,128,128,,,,,conv43,concat11,0,0,,1496.90,267219,,1,1,1,128,0,2,1,,,,False,,False,,250.64712524414062,0.0,yolo11n/resize2,0,0,1,0.80135,0,128,0.3832062780857086,0.3832062780857086,0.31330889204851686,2,10240,yolo11n_context_1,False,0.0012551725,0,0,0,8,-0.29144740104675293,7.140461444854736,N/A,N/A,-0.29144740104675293,7.140461444854736,8,8,8,0.3832062780857086,1.0,1.0,0.8175985362599973,0.0,0.31330889204851686,False,False,False
concat11,concat,80|80,80|80,256,128|128,,,,,resize2 conv11,conv_feature_splitter8_1 conv_feature_splitter8_2,0,0,,1939.31,206259,,1,1,1,256,0,2,1,,,,False,,False,,1002.5885009765625,0.0,yolo11n/concat11,0,0,1,0.799445,0,256,0.9929263591766357,0.9929263591766357,0.626617787370389,2,20480,yolo11n_context_1,False,0.001261615,0,0,0,8,-0.29144740104675293,7.140461444854736,N/A,N/A,-0.3189106583595276,7.8133111000061035,8,8,8,0.9929263591766357,1.0,1.0,0.6310818335913644,0.0,0.626617787370389,False,False,False
conv_feature_splitter8_1,conv,80,80,32,256,1,1,1,1,concat11,concat12,8224.0,52633600.0,,1847.57,216501,204800.0,4,1,1,8,1,1,0.0,1,1,1,False,,False,,2005.177001953125,250.64712524414062,yolo11n/conv_feature_splitter8_1,4,0,1,0.7997650000000001,0,8,0.9496492147445679,0.11824426054954529,0.62906553370033,12,2560,yolo11n_context_1,False,0.0012683775,0,104857600.0,512,8,-0.3189106583595276,7.8133111000061035,-0.6462491750717163,0.5382899045944214,-0.37578102946281433,6.012496471405029,8,8,16,0.9496492147445679,1.0,1.0,0.6624188425928759,1.0,0.62906553370033,False,False,False
conv_feature_splitter8_2,conv,80,80,32,256,1,1,1,1,concat11,conv45 ew_add11 concat12,8224.0,52633600.0,,1250.54,319861,204800.0,4,1,2,8,2,18,0.0,1,1,1,True,,False,,2005.177001953125,250.64712524414062,yolo11n/conv_feature_splitter8_2,2,0,1,0.8046449999999999,0,8,0.6427792310714722,0.0800347626209259,0.6290655428436214,18,2560,yolo11n_context_1,False,0.0012732575,0,104857600.0,1024,8,-0.3189106583595276,7.8133111000061035,-0.7157702445983887,0.4469803273677826,-0.2972355782985687,4.7557692527771,8,8,16,0.6427792310714722,1.0,1.0,0.9786650103722379,1.0,0.6290655428436214,False,False,False
conv45,conv,80,80,16,32,3,3,1,1,conv_feature_splitter8_2,conv46,4624.0,29593600.0,,1491.96,268103,230400.0,2,1,1,8,1,1,0.0,1,1,1,False,,False,,250.64712524414062,125.32356262207031,yolo11n/conv45,2,0,1,0.810785,0,8,0.8838767409324646,0.04774284362792969,0.7250469837110476,255,128,yolo11n_context_1,False,0.00128939,0,58982400.0,5120,8,-0.2972355782985687,4.7557692527771,-1.2221020460128784,0.9111968874931335,-0.3075253367424011,8.405692100524902,8,8,16,0.8838767409324646,1.0,1.0,0.8203032732212682,1.0,0.7250469837110476,False,False,True
conv46,conv,80,80,32,16,3,3,1,1,conv45,ew_add11,4640.0,29696000.0,,1418.14,282059,230400.0,2,1,2,16,2,1,0.0,1,1,1,True,,False,,125.32356262207031,250.64712524414062,yolo11n/conv46,1,0,1,0.8115600000000001,0,16,0.8430151343345642,0.09076115489006042,0.7275253057370802,12,2560,yolo11n_context_1,False,0.0013010025,0,58982400.0,15360,8,-0.3075253367424011,8.405692100524902,-1.1395175457000732,1.2187104225158691,-0.3067804276943207,10.868792533874512,8,8,16,0.8430151343345642,1.0,1.0,0.8630038490487526,1.0,0.7275253057370802,False,True,False
ew_add11,ew_add,80,80,32,32,,,,,conv_feature_splitter8_2 conv46,concat12,0,102400.0,,5074.92,78819,,1,1,1,32,0,1,0.0,,,,False,,False,,250.64712524414062,0.0,yolo11n/ew_add11,1,0,1,0.79367,0,32,0.6495895385742188,0.3247947692871094,0.15665444182943436,12,2560,yolo11n_context_1,False,0.0013034625,0,204800.0,0,8,-0.2972355782985687,4.7557692527771,N/A,N/A,-0.7970239520072937,12.7523832321167,8,8,16,0.6495895385742188,1.0,1.0,0.2411591205321356,1.0,0.15665444182943436,False,False,False
concat12,concat,80|80|80,80|80|80,96,32|32|32,,,,,conv_feature_splitter8_1 conv_feature_splitter8_2 ew_add11,conv47,0,0,,4515.13,88591,,1,1,1,96,0,1,1,,,,False,,False,,250.64712524414062,0.0,yolo11n/concat12,0,0,1,0.797945,0,96,0.8669052124023438,0.8669052124023438,0.23498167164963266,42,768,yolo11n_context_1,False,0.0013101975,0,0,0,8,-0.37578102946281433,6.012496471405029,N/A,N/A,-0.7970239520072937,12.7523832321167,8,8,8,0.8669052124023438,1.0,1.0,0.2710580906515234,0.0,0.23498167164963266,False,False,True
conv47,conv,80,80,64,96,1,1,1,1,concat12,conv48 conv49 dw2,6208.0,39731200.0,,1576.16,253781,204800.0,3,1,1,24,3,2,0.0,1,1,1,False,,False,,751.94140625,563.9560546875,yolo11n/conv47,3,0,1,0.7991375,0,22,0.9173263311386108,0.22696734964847565,0.7122881757794104,10,5760,yolo11n_context_1,False,0.0013116675,0,78643200.0,1152,8,-0.7970239520072937,12.7523832321167,-0.9704903960227966,0.8195972442626953,-0.28250807523727417,7.721887588500977,8,8,16,0.9173263311386108,1.0,0.8888888888888888,0.7764828628600452,1.0,0.6331450451372536,False,True,False
conv48,conv,80,80,64,64,3,3,2,2,conv47,concat13,36928.0,59084800.0,,1282.98,311774,230400.0,4,1,1,16,2,1,0.0,1,1,1,False,,False,,501.29425048828125,125.32356262207031,yolo11n/conv48,4,0,1,0.8054675,0,16,0.75262850522995,0.041055381298065186,0.7179485597874223,12,2560,yolo11n_context_1,False,0.001325925,0,117964800.0,5120,8,-0.28250807523727417,7.721887588500977,-0.5690245032310486,0.4349622428417206,-0.4132763743400574,10.12527084350586,8,8,16,0.75262850522995,1.0,1.0,0.9539215626281231,1.0,0.7179485597874223,False,False,False
concat13,concat,40|40,40|40,192,64|128,,,,,conv48 conv43,conv_feature_splitter9_1 conv_feature_splitter9_2,0,0,,9508.64,42067,,1,1,1,192,0,1,1,,,,False,,False,,125.32356262207031,0.0,yolo11n/concat13,0,0,1,0.8040075,0,192,0.9128295183181763,0.9128295183181763,0.11749083432901938,21,1536,yolo11n_context_1,False,0.001346155,0,0,0,8,-0.4132763743400574,10.12527084350586,N/A,N/A,-0.4132763743400574,10.12527084350586,8,8,8,0.9128295183181763,1.0,1.0,0.1287105992644584,0.0,0.11749083432901938,False,False,True
conv49,conv,80,80,64,64,3,3,1,1,conv47,conv50,36928.0,236339200,,1237.21,323308,230400,17.0,3.0,5.0,64,1,9.0,,1,1,1,False,,False,combined (NORMAL),1253.2356262207031,501.29425048828125,,8.0,0.0,3.0,0.81248,0,64,0.7357052529559417,0.3193751573562622,0.6904458542602998,72.0,1024,yolo11n_context_1,False,0.00133497,0,471859200,20480,8,-0.28250807523727417,7.721887588500977,-0.9930164813995361,0.5849572420120239,-0.2949286103248596,9.105920791625977,8,8,16,0.731701672077179,1.0,1.0,0.9892116487268767,0.9411764705882353,0.7238078174116787,False,False,True
conv50,conv,80,80,64,64,3,3,1,1,conv49,conv51,36928.0,236339200,,1223.86,326834,230400,17.0,3.0,5.0,64,1,9.0,,1,1,1,False,,False,combined (NORMAL),1253.2356262207031,501.29425048828125,,8.0,0.0,3.0,0.814835,0,64,0.7282757373417126,0.31880566477775574,0.6904458489194828,72.0,1024,yolo11n_context_1,False,0.00134952,0,471859200,20480,8,-0.2949286103248596,9.105920791625977,-3.3074278831481934,4.465027809143066,-0.4149894714355469,34.85911560058594,8,8,16,0.7238078117370605,1.0,1.0,1.0,0.9411764705882353,0.7238078117370605,False,True,True
conv51,conv,80,80,64,64,1,1,1,1,conv50,yolov8_nms_postprocess,4160.0,26624000.0,,1520.56,263061,204800.0,2,1,2,32,8,1,0.0,1,1,1,True,,False,,501.29425048828125,501.29425048828125,yolo11n/conv51,1,0,1,0.8028675000000001,0,32,0.7906911373138428,0.1946316659450531,0.636408700664303,6,5120,yolo11n_context_1,False,0.00135147,0,52428800.0,2048,8,-0.4149894714355469,34.85911560058594,-0.33447265625,0.2998046875,-13.727388381958008,18.987415313720703,8,8,16,0.7906911373138428,1.0,1.0,0.8048764816389972,1.0,0.636408700664303,False,True,False
conv_feature_splitter9_1,conv,40,40,64,192,1,1,1,1,concat13,concat14,12352.0,19763200.0,,1252.42,319381,307200.0,1,1,1,64,8,7,0.0,1,1,1,False,,False,,375.970703125,125.32356262207031,yolo11n/conv_feature_splitter9_1,1,0,1,0.80762,0,64,0.9668703079223633,0.04007752612233162,0.9448221599177328,7,2560,yolo11n_context_1,False,0.0013502925,0,39321600.0,1024,8,-0.4132763743400574,10.12527084350586,-1.1091209650039673,0.8841710686683655,-0.38758549094200134,8.59735107421875,8,8,16,0.9668703079223633,1.0,1.0,0.977196374918154,1.0,0.9448221599177328,False,True,False
conv_feature_splitter9_2,conv,40,40,64,192,1,1,1,1,concat13,conv56 ew_add12 concat14,12352.0,19763200.0,,1232.34,324585,307200.0,1,1,1,64,8,14,0.0,1,1,1,False,,False,,375.970703125,125.32356262207031,yolo11n/conv_feature_splitter9_2,1,0,1,0.8113699999999999,0,64,0.9513686895370483,0.039434969425201416,0.9448221607708588,14,2560,yolo11n_context_1,False,0.0013540425,0,39321600.0,1024,8,-0.4132763743400574,10.12527084350586,-0.6656475067138672,0.4634110927581787,-0.31829163432121277,7.060286998748779,8,8,16,0.9513686895370483,1.0,1.0,0.9931188309661786,1.0,0.9448221607708588,False,True,False
conv56,conv,40,40,32,64,3,3,1,1,conv_feature_splitter9_2,conv57,18464.0,29542400.0,,1299.47,307817,230400.0,2,1,2,16,2,1,0.0,1,1,1,True,,False,,125.32356262207031,62.661781311035156,yolo11n/conv56,1,0,1,0.8275525,0,16,0.9447041749954224,0.02494988963007927,0.8897360893743183,128,256,yolo11n_context_1,False,0.0013905025,0,58982400.0,6144,8,-0.31829163432121277,7.060286998748779,-1.2940163612365723,0.9242291450500488,-0.29087579250335693,10.305313110351562,8,8,16,0.9447041749954224,0.8333333333333334,1.0,0.9418144991035204,1.0,0.7414467411452652,False,False,True
conv57,conv,40,40,64,32,3,3,1,1,conv56,ew_add12,18496.0,29593600.0,,1263.84,316497,230400.0,2,1,2,32,2,2,0.0,1,1,1,True,,False,,62.661781311035156,125.32356262207031,yolo11n/conv57,1,0,1,0.8329225,0,32,0.9203499555587769,0.04853126406669617,0.8912414249572754,2,2560,yolo11n_context_1,False,0.001422295,0,58982400.0,18432,8,-0.29087579250335693,10.305313110351562,-1.312035083770752,1.7243317365646362,-0.3485065996646881,17.425331115722656,8,8,16,0.9203499555587769,0.8333333333333334,1.0,0.9683723235648677,1.0,0.7427011874643962,False,True,False
dw2,dw,80,80,64,64,3,3,1,1,conv47,conv52,640.0,4096000,,1377.34,290415,14400,5.0,3.0,5.0,64,1,3.0,,1,1,1,False,,False,combined (SPATIAL_W),1253.2356262207031,1002.5885009765625,,2.0,0.0,3.0,0.8082275,0,64,0.5463382363319397,0.30246875931819284,0.39255647765860424,30.0,10240,yolo11n_context_1,False,0.0013326225,0,7372800,40960,8,-0.28250807523727417,7.721887588500977,-13.935617446899414,5.74915075302124,-0.3034697473049164,12.593995094299316,8,8,16,0.5090530431813224,0.8333333333333334,1.0,0.8870010334037884,0.8,0.3762766531261408,False,False,False
conv52,conv,80,80,64,64,1,1,1,1,dw2,dw3,4160.0,26624000.0,,1537.39,260181,204800.0,2,1,2,32,8,2,0.0,1,1,1,True,,False,,501.29425048828125,501.29425048828125,yolo11n/conv52,1,0,1,0.79864,0,32,0.7994434833526611,0.1967860907316208,0.6364087118909866,12,5120,yolo11n_context_1,False,0.00134195,0,52428800.0,2048,8,-0.3034697473049164,12.593995094299316,-1.4356411695480347,1.3348008394241333,-0.3235405385494232,16.177026748657227,8,8,16,0.7994434833526611,1.0,1.0,0.7960646689144948,1.0,0.6364087118909866,False,False,False
dw3,dw,80,80,64,64,3,3,1,1,conv52,conv53,640.0,4096000,,1377.34,290415,14400,5.0,3.0,5.0,64,1,3.0,,1,1,1,False,,False,combined (SPATIAL_W),1253.2356262207031,1002.5885009765625,,2.0,0.0,3.0,0.8071550000000001,0,64,0.5463382363319397,0.30246875931819284,0.39255647765860424,30.0,10240,yolo11n_context_1,False,0.00136089,0,7372800,40960,8,-0.3235405385494232,16.177026748657227,-8.904142379760742,7.703829288482666,-0.3110164701938629,26.125383377075195,8,8,16,0.5090530431813224,0.8333333333333334,1.0,0.8870010334037884,0.8,0.3762766531261408,False,False,False
conv53,conv,80,80,64,64,1,1,1,1,dw3,conv54,4160.0,26624000.0,,1372.02,291541,204800.0,2,1,2,32,8,4,0.0,1,1,1,True,,False,,501.29425048828125,501.29425048828125,yolo11n/conv53,1,0,1,0.7999775,0,32,0.7134502530097961,0.17561852931976318,0.6364086974204917,4,512,yolo11n_context_1,False,0.0013727575,0,52428800.0,0,8,-0.3110164701938629,26.125383377075195,-0.47765740752220154,0.556397557258606,-0.28855761885643005,18.106990814208984,8,8,16,0.7134502530097961,1.0,1.0,0.8920155185812981,1.0,0.6364086974204917,False,False,True
conv54,conv,80,80,12,64,1,1,1,1,conv53,yolov8_nms_postprocess,780.0,4992000.0,,3410.03,117301,76800.0,1,1,1,16,2,1,0.0,1,1,1,False,,False,,501.29425048828125,125.32356262207031,yolo11n/conv54,1,0,1,0.7989149999999999,0,12,0.8866079449653625,0.10912097990512848,0.3182043439555921,25,1280,yolo11n_context_1,False,0.0013735375,0,9830400.0,256,8,-0.28855761885643005,18.106990814208984,-0.2451171875,0.2021484375,0.0,0.9963408708572388,8,8,16,0.8866079449653625,1.0,0.75,0.35890084874890615,1.0,0.23865325796669407,False,True,False
ew_add12,ew_add,40,40,64,64,,,,,conv_feature_splitter9_2 conv57,concat14,0,51200.0,,10065.68,39739,,1,1,1,64,0,1,0.0,,,,False,,False,,125.32356262207031,0.0,yolo11n/ew_add12,1,0,1,0.7901625,0,64,0.6442034244537354,0.3221017122268677,0.07832722386400126,12,2560,yolo11n_context_1,False,0.001424775,0,102400.0,0,8,-0.31829163432121277,7.060286998748779,N/A,N/A,-0.8468234539031982,18.78408432006836,8,8,16,0.6442034244537354,1.0,1.0,0.12158771731215234,1.0,0.07832722386400126,False,False,False
concat14,concat,40|40|40,40|40|40,192,64|64|64,,,,,conv_feature_splitter9_1 conv_feature_splitter9_2 ew_add12,conv58,0,0,,9636.00,41511,,1,1,1,192,0,1,1,,,,False,,False,,125.32356262207031,0.0,yolo11n/concat14,0,0,1,0.7997075,0,192,0.925055980682373,0.925055980682373,0.1174908326982688,21,1536,yolo11n_context_1,False,0.0014368,0,0,0,8,-0.38758549094200134,8.59735107421875,N/A,N/A,-0.8468234539031982,18.78408432006836,8,8,8,0.925055980682373,1.0,1.0,0.12700942986347807,0.0,0.1174908326982688,False,False,True
conv58,conv,40,40,128,192,1,1,1,1,concat14,conv59 conv60 dw4,24704.0,39526400.0,,1242.46,321941,307200.0,2,1,1,64,8,1,0.0,1,1,1,False,,False,,375.970703125,250.64712524414062,yolo11n/conv58,2,0,1,0.81088,0,64,0.9591819643974304,0.0795176774263382,0.9448221445751456,1,5120,yolo11n_context_1,False,0.00144849,0,78643200.0,2048,8,-0.8468234539031982,18.78408432006836,-1.0650756359100342,0.9830719828605652,-0.28057000041007996,9.940195083618164,8,8,16,0.9591819643974304,1.0,1.0,0.9850290973399339,1.0,0.9448221445751456,False,True,False
conv59,conv,40,40,128,128,3,3,2,2,conv58,concat15,147584.0,59033600.0,,1636.61,244408,153600.0,6,1,1,24,3,1,0.0,1,1,1,False,,False,,250.64712524414062,70.4945068359375,yolo11n/conv59,6,0,1,0.8094025,0,22,0.8774712681770325,0.035350725054740906,0.6561771349143973,9,3456,yolo11n_context_1,False,0.00146713,0,117964800.0,6912,8,-0.28057000041007996,9.940195083618164,-0.6722544431686401,0.5125844478607178,-0.48728105425834656,15.04480266571045,8,8,16,0.8774712681770325,1.0,0.8888888888888888,0.7478046959618644,1.0,0.5832685643683532,False,False,False
concat15,concat,20|20,20|20,384,128|256,,,,,conv59 conv39,conv_feature_splitter10_1 conv_feature_splitter10_2,0,0,,16524.15,24207,,1,1,1,384,0,1,1,,,,False,,False,,62.661781311035156,0.0,yolo11n/concat15,0,0,1,0.780285,0,384,0.9517908096313477,0.9517908096313477,0.07049450218993748,10,3072,yolo11n_context_1,False,0.001476935,0,0,0,8,-0.48728105425834656,15.04480266571045,N/A,N/A,-0.48728105425834656,15.04480266571045,8,8,8,0.9517908096313477,0.8333333333333334,1.0,0.07406512174375982,0.0,0.05874541849161457,False,False,True
conv60,conv,40,40,64,128,3,3,1,1,conv58,conv61,73792.0,118067200.0,,1287.12,310772,230400.0,8,1,2,8,2,1,0.0,1,1,1,True,,False,,250.64712524414062,125.32356262207031,yolo11n/conv60,4,0,1,0.8277325,0,8,0.9349297881126404,0.04942530393600464,0.8889833986407212,64,512,yolo11n_context_1,False,0.00148546,0,235929600.0,12288,8,-0.28057000041007996,9.940195083618164,-1.2186304330825806,0.8954257965087891,-0.3134661614894867,11.105658531188965,8,8,16,0.9349297881126404,0.8333333333333334,1.0,0.9508557861177234,1.0,0.7408194988672677,False,False,True
conv61,conv,40,40,64,64,3,3,1,1,conv60,conv62,36928.0,59084800.0,,1264.29,316383,230400.0,4,1,2,16,2,4,0.0,1,1,1,True,,False,,125.32356262207031,125.32356262207031,yolo11n/conv61,2,0,1,0.8329975,0,16,0.9191265106201172,0.048548754304647446,0.8897360825664543,4,512,yolo11n_context_1,False,0.0015172125,0,117964800.0,12288,8,-0.3134661614894867,11.105658531188965,-1.636083960533142,2.4432356357574463,-0.28799688816070557,24.191740036010742,8,8,16,0.9191265106201172,0.8333333333333334,1.0,0.9680235226445228,1.0,0.7414467354720452,False,True,True
conv62,conv,40,40,64,64,1,1,1,1,conv61,yolov8_nms_postprocess,4160.0,6656000.0,,3490.98,114581,102400.0,1,1,1,64,8,1,0.0,1,1,1,False,,False,,125.32356262207031,125.32356262207031,yolo11n/conv62,1,0,1,0.8018075,0,64,0.9076548218727112,0.11171136796474457,0.31820433964947686,12,2560,yolo11n_context_1,False,0.00151879,0,13107200.0,1024,8,-0.28799688816070557,24.191740036010742,-0.318359375,0.3232421875,-10.410477638244629,14.169816970825195,8,8,16,0.9076548218727112,1.0,1.0,0.35057858117576507,1.0,0.31820433964947686,False,True,False
conv_feature_splitter10_1,conv,20,20,128,384,1,1,1,1,concat15,concat17,49280.0,19712000.0,,2106.80,189861,153600.0,2,1,1,64,8,1,0.0,1,1,1,False,,False,,187.9853515625,62.661781311035156,yolo11n/conv_feature_splitter10_1,2,0,1,0.7942075,0,64,0.9733436703681946,0.04045064374804497,0.5654246577766566,10,3072,yolo11n_context_1,False,0.0014918625,0,39321600.0,2048,8,-0.48728105425834656,15.04480266571045,-0.6677920818328857,0.9180089831352234,-0.32261836528778076,16.130918502807617,8,8,16,0.9733436703681946,0.8333333333333334,1.0,0.5809095748912292,1.0,0.47118721481388054,False,True,False
conv_feature_splitter10_2,conv,20,20,128,384,1,1,1,1,concat15,conv67 conv68 concat17,49280.0,19712000.0,,2106.80,189861,153600.0,2,1,1,64,8,2,0.0,1,1,1,False,,False,,187.9853515625,62.661781311035156,yolo11n/conv_feature_splitter10_2,2,0,1,0.7942075,0,64,0.9733436703681946,0.04045064374804497,0.5654246577766566,20,3072,yolo11n_context_1,False,0.0014918625,0,39321600.0,2048,8,-0.48728105425834656,15.04480266571045,-1.5039173364639282,1.7096858024597168,-0.41738566756248474,20.86928367614746,8,8,16,0.9733436703681946,0.8333333333333334,1.0,0.5809095748912292,1.0,0.47118721481388054,False,True,False
conv67,conv,20,20,64,128,1,1,1,1,conv_feature_splitter10_2,conv69 ew_add13,8256.0,3302400.0,,6086.33,65721,51200.0,1,1,1,64,8,2,0.0,1,1,1,False,,False,,62.661781311035156,31.330890655517578,yolo11n/conv67,1,0,1,0.77869,0,64,0.9421645998954773,0.0584288127720356,0.18945397256628949,42,1536,yolo11n_context_1,False,0.0015000725,0,6553600.0,1024,8,-0.41738566756248474,20.86928367614746,-0.44650471210479736,0.3799178898334503,-0.30031874775886536,5.590548992156982,8,8,16,0.9421645998954773,0.8333333333333334,1.0,0.20108373057882592,1.0,0.1578783104719079,False,False,False
conv68,conv,20,20,64,128,1,1,1,1,conv_feature_splitter10_2,concat16,8256.0,3302400.0,,6086.33,65721,51200.0,1,1,1,64,8,1,0.0,1,1,1,False,,False,,62.661781311035156,31.330890655517578,yolo11n/conv68,1,0,1,0.77869,0,64,0.9421645998954773,0.0584288127720356,0.18945397256628949,21,1536,yolo11n_context_1,False,0.0015000725,0,6553600.0,1024,8,-0.41738566756248474,20.86928367614746,-1.1364099979400635,0.7919279932975769,-0.3520745038986206,17.60372543334961,8,8,16,0.9421645998954773,0.8333333333333334,1.0,0.20108373057882592,1.0,0.1578783104719079,False,False,False
conv69,conv,20,20,64,64,3,3,1,1,conv67,conv70,36928.0,14771200.0,,2275.43,175791,115200.0,2,1,1,32,2,1,0.0,1,1,1,False,,False,,31.330890655517578,31.330890655517578,yolo11n/conv69,2,0,1,0.80877,0,32,0.8664607405662537,0.02184412255883217,0.4660347456044423,64,512,yolo11n_context_1,False,0.0015383625,0,29491200.0,6144,8,-0.30031874775886536,5.590548992156982,-1.6835834980010986,1.1796467304229736,-0.30591151118278503,10.838007926940918,8,8,16,0.8664607405662537,0.8333333333333334,1.0,0.5378601981434,1.0,0.388362288003702,False,False,True
conv70,conv,20,20,64,64,3,3,1,1,conv69,ew_add13,36928.0,14771200.0,,2294.54,174327,115200.0,2,1,1,32,2,1,0.0,1,1,1,False,,False,,31.330890655517578,31.330890655517578,yolo11n/conv70,2,0,1,0.7958649999999999,0,32,0.8737372756004333,0.022027568891644478,0.46603473948119445,21,1536,yolo11n_context_1,False,0.0015721475,0,29491200.0,9216,8,-0.30591151118278503,10.838007926940918,-0.44185981154441833,0.5264393091201782,-0.30429530143737793,15.214765548706055,8,8,16,0.8737372756004333,0.8333333333333334,1.0,0.5333808600084445,1.0,0.3883622829009954,False,True,False
dw4,dw,40,40,128,128,3,3,1,1,conv58,conv63,1280.0,2048000,,1362.96,293479,14400,2,1,2,64,1,1,0.0,1,1,1,True,,False,,250.64712524414062,250.64712524414062,yolo11n/dw4,1,0,1,0.8223199999999999,0,64,0.5150351524353027,0.10467529296875,0.4624733090852243,6,5120,yolo11n_context_1,False,0.0014800475,0,3686400,24576,8,-0.28057000041007996,9.940195083618164,-3.2787344455718994,2.358053684234619,-0.3040674030780792,12.618797302246094,8,8,16,0.5150351524353027,0.8333333333333334,1.0,0.8979451342271612,1.0,0.385394424237687,False,False,False
conv63,conv,40,40,64,128,1,1,1,1,dw4,dw5,8256.0,13209600.0,,1843.82,216941,204800.0,1,1,1,64,8,1,0.0,1,1,1,False,,False,,250.64712524414062,125.32356262207031,yolo11n/conv63,1,0,1,0.7978625,0,64,0.9514107704162598,0.059002216905355453,0.631513257325963,12,2560,yolo11n_context_1,False,0.0014936025,0,26214400.0,1024,8,-0.3040674030780792,12.618797302246094,-0.7611430287361145,0.8754660487174988,-0.3135799467563629,13.013567924499512,8,8,16,0.9514107704162598,1.0,1.0,0.6637650917591192,1.0,0.631513257325963,False,False,False
dw5,dw,40,40,64,64,3,3,1,1,conv63,conv64,640.0,1024000,,1512.81,264409,14400,1,1,1,64,1,1,0.0,1,1,1,False,,False,,125.32356262207031,125.32356262207031,yolo11n/dw5,1,0,1,0.81982,0,64,0.48409849405288696,0.048409849405288696,0.39163611715436514,12,2560,yolo11n_context_1,False,0.001529115,0,1843200,0,8,-0.3135799467563629,13.013567924499512,-5.9234113693237305,5.5130133628845215,-0.29374149441719055,24.674285888671875,8,8,16,0.48409849405288696,1.0,1.0,0.8090008995392155,1.0,0.39163611715436514,False,False,False
conv64,conv,40,40,64,64,1,1,1,1,dw5,conv65,4160.0,6656000.0,,3339.43,119781,102400.0,1,1,1,64,8,1,0.0,1,1,1,False,,False,,125.32356262207031,125.32356262207031,yolo11n/conv64,1,0,1,0.7916000000000001,0,64,0.8682512044906616,0.10686168819665909,0.3182043408124489,64,512,yolo11n_context_1,False,0.001536615,0,13107200.0,0,8,-0.29374149441719055,24.674285888671875,-0.5909993648529053,0.609914243221283,-0.2866343557834625,17.986305236816406,8,8,16,0.8682512044906616,1.0,1.0,0.3664887985950054,1.0,0.3182043408124489,False,False,True
conv65,conv,40,40,12,64,1,1,1,1,conv64,yolov8_nms_postprocess,780.0,1248000.0,,13395.40,29861,19200.0,1,1,1,16,2,1,0.0,1,1,1,False,,False,,125.32356262207031,31.330890655517578,yolo11n/conv65,1,0,1,0.7905025,0,12,0.8707008957862854,0.1071631908416748,0.07955108541055786,51,640,yolo11n_context_1,False,0.0015370375,0,2457600.0,256,8,-0.2866343557834625,17.986305236816406,-0.2322998046875,0.177001953125,0.0,0.9896906614303589,8,8,16,0.8707008957862854,1.0,0.75,0.09136442352998769,1.0,0.059663314057918394,False,True,False
ew_add13,ew_add,20,20,64,64,,,,,conv67 conv70,conv71 ew_add14,0,12800.0,,32789.57,12199,,1,1,1,64,0,1,0.0,,,,False,,False,,31.330890655517578,0.0,yolo11n/ew_add13,1,0,1,0.728715,0,64,0.6295598149299622,0.3147799074649811,0.023498167823208748,21,1536,yolo11n_context_1,False,0.0015736675,0,25600.0,0,8,-0.30031874775886536,5.590548992156982,N/A,N/A,-1.2288774251937866,15.263951301574707,8,8,16,0.6295598149299622,0.8333333333333334,1.0,0.037324758134098655,1.0,0.019581806519340626,False,False,False
conv71,conv,20,20,64,64,3,3,1,1,ew_add13,conv72,36928.0,14771200.0,,3095.52,129219,76800.0,3,1,1,24,3,1,0.0,1,1,1,False,,False,,75.93397521972656,85.42572021484375,yolo11n/conv71,3,0,1,0.30969,0,22,0.8840572834014893,0.03343161568045616,0.847116126357817,56,576,yolo11n_context_2,False,0.000323035,0,29491200.0,6912,8,-1.2288774251937866,15.263951301574707,-0.4867532551288605,0.4359884560108185,-0.2916800081729889,10.333806037902832,8,8,16,0.8840572834014893,0.8333333333333334,0.8888888888888888,0.9582140685482078,1.0,0.6274934269317163,False,False,True
conv72,conv,20,20,64,64,3,3,1,1,conv71,ew_add14,36928.0,14771200.0,,3132.42,127697,76800.0,3,1,1,24,3,1,0.0,1,1,1,False,,False,,75.93397521972656,85.42572021484375,yolo11n/conv72,3,0,1,0.3152775,0,22,0.8945942521095276,0.03383008390665054,0.8471161568187102,18,1728,yolo11n_context_2,False,0.0003475675,0,29491200.0,10368,8,-0.2916800081729889,10.333806037902832,-1.1102415323257446,1.0226664543151855,-0.3693866729736328,31.028480529785156,8,8,16,0.8945942521095276,0.8333333333333334,0.8888888888888888,0.9469277885713439,1.0,0.6274934494953409,False,True,False
ew_add14,ew_add,20,20,64,64,,,,,ew_add13 conv72,concat16,0,12800.0,,32789.57,12199,,1,1,1,64,0,1,0.0,,,,False,,False,,75.93397521972656,0.0,yolo11n/ew_add14,1,0,1,0.28482749999999996,0,64,0.6295598149299622,0.3147799074649811,0.056950481130189745,21,1536,yolo11n_context_2,False,0.0003522675,0,25600.0,0,8,N/A,N/A,N/A,N/A,-1.631824254989624,81.5912094116211,8,8,16,0.6295598149299622,0.8333333333333334,1.0,0.09046079463716315,1.0,0.04745873427515813,False,False,False
concat16,concat,20|20,20|20,128,64|64,,,,,ew_add14 conv68,conv73,0,0,,46152.07,8667,,1,1,1,128,0,1,1,,,,False,,False,,75.93397521972656,0.0,yolo11n/concat16,0,0,1,0.3142175,0,128,0.8861197829246521,0.8861197829246521,0.056950480954276184,32,1024,yolo11n_context_2,False,0.0003831775,0,0,0,8,-1.631824254989624,81.5912094116211,N/A,N/A,-1.631824254989624,81.5912094116211,8,8,8,0.8861197829246521,0.8333333333333334,1.0,0.06426950628086672,0.0,0.04745873412856349,False,False,True
conv73,conv,20,20,128,128,1,1,1,1,concat16,concat17,16512.0,6604800.0,,3082.12,129781,102400.0,1,1,1,128,8,1,0.0,1,1,1,False,,False,,151.86795043945312,151.86795043945312,yolo11n/conv73,1,0,1,0.324375,0,128,0.9542228579521179,0.05917661264538765,0.9183264621582142,1,3072,yolo11n_context_2,False,0.0003936925,0,13107200.0,1024,8,-1.631824254989624,81.5912094116211,-0.7346296310424805,0.4923650324344635,-0.2959686517715454,14.798432350158691,8,8,16,0.9542228579521179,0.8333333333333334,1.0,0.9623815385528053,1.0,0.7652720517985119,False,True,False
concat17,concat,20|20|20,20|20|20,384,128|128|128,,,,,conv_feature_splitter10_1 conv_feature_splitter10_2 conv73,conv74,0,0,,16631.33,24051,,1,1,1,384,0,1,1,,,,False,,False,,151.86795043945312,0.0,yolo11n/concat17,0,0,1,0.31503,0,384,0.957964301109314,0.957964301109314,0.1708514349294801,10,3072,yolo11n_context_2,False,0.000400565,0,0,0,8,N/A,N/A,N/A,N/A,-0.41738566756248474,20.86928367614746,8,8,8,0.957964301109314,0.8333333333333334,1.0,0.17834843608643422,0.0,0.14237619577456678,False,False,True
conv74,conv,20,20,256,384,1,1,1,1,concat17,conv75 dw6,98560.0,39424000.0,,3255.18,122881,87772.0,7,1,1,40,5,2,0.0,1,1,1,False,,False,,455.6038513183594,332.2111511230469,yolo11n/conv74,7,0,1,0.3235125,0,37,0.9399337768554688,0.13671763241291046,0.8564818428357843,2,6720,yolo11n_context_2,False,0.000410045,0,78643200.0,4480,8,-0.41738566756248474,20.86928367614746,-1.4577158689498901,0.9039256572723389,-0.3485579788684845,21.872013092041016,8,8,16,0.9399337768554688,0.8333333333333334,0.9142857142857143,0.9112150918771412,1.0,0.6525575945415499,False,True,False
conv75,conv,20,20,64,256,3,3,1,1,conv74,conv76,147520.0,59008000,,2966.17,134854,69120,18.0,4.0,4.0,256,1,7.0,,1,1,1,False,,False,combined (SPATIAL_W),880.8341159820557,136.68115615844727,,16.0,0.0,4.0,0.3356475,0,512,0.8373070855935415,0.3584079137071967,0.5135001986210619,70.0,7168,yolo11n_context_2,False,0.0004419575,0,117964800,9216,8,-0.3485579788684845,21.872013092041016,-0.4557250440120697,0.23570522665977478,-0.3219919800758362,16.099597930908203,8,8,16,0.8228320533007533,0.833333331756435,1.0,0.617607800667045,0.8888888888888888,0.47003611388600675,False,False,False
conv76,conv,20,20,64,64,3,3,1,1,conv75,conv77,36928.0,14771200.0,,3095.52,129219,76800.0,3,1,1,24,3,1,0.0,1,1,1,False,,False,,75.93397521972656,85.42572021484375,yolo11n/conv76,3,0,1,0.335325,0,22,0.8840572834014893,0.03343161568045616,0.847116126357817,56,576,yolo11n_context_2,False,0.000473545,0,29491200.0,6912,8,-0.3219919800758362,16.099597930908203,-1.0883663892745972,0.9543097019195557,-0.33704060316085815,28.311410903930664,8,8,16,0.8840572834014893,0.8333333333333334,0.8888888888888888,0.9582140685482078,1.0,0.6274934269317163,False,False,True
conv77,conv,20,20,64,64,1,1,1,1,conv76,yolov8_nms_postprocess,4160.0,1664000.0,,11434.78,34981,25600.0,1,1,1,64,8,1,0.0,1,1,1,False,,False,,75.93397521972656,75.93397521972656,yolo11n/conv77,1,0,1,0.31603749999999997,0,64,0.8919127583503723,0.10977387428283691,0.23136132558066036,21,1536,yolo11n_context_2,False,0.0004751225,0,3276800.0,1024,8,-0.33704060316085815,28.311410903930664,-0.337158203125,0.333984375,-15.780512809753418,13.591974258422852,8,8,16,0.8919127583503723,0.8333333333333334,1.0,0.25939905379150785,1.0,0.19280110465055034,False,True,False
dw6,dw,20,20,256,256,3,3,1,1,conv74,conv78,2560.0,1024000,,3381.95,118275,3600,6.0,4.0,6.0,256,1,7.0,,1,1,1,False,,False,combined (INPUT_FEATURES),759.3397521972656,303.73590087890625,,2.0,0.0,4.0,0.3313525,0,256,0.6166880627473196,0.5221743434667587,0.29883182486599924,40.0,10752,yolo11n_context_2,False,0.0004484525,0,1843200,32768,8,-0.3485579788684845,21.872013092041016,-5.8187384605407715,5.34459114074707,-0.3230353593826294,20.270469665527344,8,8,16,0.44614669680595404,0.625,1.0,0.8770596348643719,0.6666666666666666,0.24456078687285976,False,False,False
conv78,conv,20,20,64,256,1,1,1,1,dw6,dw7,16448.0,6579200.0,,3146.11,127141,102400.0,1,1,1,64,8,1,0.0,1,1,1,False,,False,,303.73590087890625,75.93397521972656,yolo11n/conv78,1,0,1,0.32371500000000003,0,64,0.9702613353729248,0.03020268864929676,0.9147670550421125,21,1536,yolo11n_context_2,False,0.0004584275,0,13107200.0,1024,8,-0.3230353593826294,20.270469665527344,-0.44404342770576477,0.39768871665000916,-0.3085269629955292,9.52577018737793,8,8,16,0.9702613353729248,0.8333333333333334,1.0,0.942804811129073,1.0,0.7623058792017605,False,True,False
dw7,dw,20,20,64,64,3,3,1,1,conv78,conv79,640.0,256000,,4033.84,99161,3600,1,1,1,64,1,1,0.0,1,1,1,False,,False,,75.93397521972656,75.93397521972656,yolo11n/dw7,1,0,1,0.33149,0,64,0.38724902272224426,0.038724903017282486,0.2847524014279181,21,1536,yolo11n_context_2,False,0.00048209,0,460800,0,8,-0.3085269629955292,9.52577018737793,-8.374958992004395,5.335755348205566,-0.2883181571960449,18.091964721679688,8,8,16,0.38724902272224426,0.8333333333333334,1.0,0.735321162145728,1.0,0.2372936678565984,False,False,False
conv79,conv,20,20,64,64,1,1,1,1,dw7,conv80,4160.0,1664000.0,,11116.98,35981,25600.0,1,1,1,64,8,1,0.0,1,1,1,False,,False,,75.93397521972656,75.93397521972656,yolo11n/conv79,1,0,1,0.309145,0,64,0.8671243190765381,0.10672299563884735,0.23136132502330603,64,512,yolo11n_context_2,False,0.0004866,0,3276800.0,0,8,-0.2883181571960449,18.091964721679688,-0.7862151265144348,0.653379499912262,-0.3204789459705353,16.02394676208496,8,8,16,0.8671243190765381,0.8333333333333334,1.0,0.2668144808459519,1.0,0.1928011041860884,False,False,True
conv80,conv,20,20,12,64,1,1,1,1,conv79,yolov8_nms_postprocess,780.0,312000.0,,43568.24,9181,4800.0,1,1,1,16,2,1,0.0,1,1,1,False,,False,,75.93397521972656,18.98349380493164,yolo11n/conv80,1,0,1,0.3080475,0,12,0.8495806455612183,0.10456377267837524,0.05784033033426924,85,384,yolo11n_context_2,False,0.0004870225,0,614400.0,256,8,-0.3204789459705353,16.02394676208496,-0.255126953125,0.12347412109375,0.0,0.7765135169029236,8,8,16,0.8495806455612183,0.8333333333333334,0.75,0.06808103578685096,1.0,0.036150206458918276,False,True,False
matmul2_reshape,format_conversion,20,20,40,128,,,,,,,0,0,,25479.33,15699,,1,1,1,40,0,1,1,2,,,False,,False,,62.661781311035156,0.0,,0,0,1,0.20202,0,40,0.0,0.0,0.0,40,2560,yolo11n_context_1,False,0.000206735,0,0,0,8,N/A,N/A,N/A,N/A,N/A,N/A,8,8,8,0.0,0.8333333333333334,1.0,0.04803355832012581,0.0,0.0,False,False,False
sh_from_conv47_to_conv49_d0-1_dw2_sd0-1_2356,shortcut,80,80,64,64,,,,,,,0,0,,7607.60,52579,,1,1,1,64,0,2,1,,,,False,,False,,501.29425048828125,0.0,,0,0,1,0.79285,0,64,0.9737728238105774,0.9737728238105774,0.15665445242274778,12,5120,yolo11n_context_1,False,0.0013133075,0,0,0,8,N/A,N/A,N/A,N/A,N/A,N/A,8,8,8,0.9737728238105774,1.0,1.0,0.16087371570889197,0.0,0.15665445242274778,False,False,False
