epoch,time,train/box_loss,train/seg_loss,train/cls_loss,train/dfl_loss,train/sem_loss,metrics/precision(B),metrics/recall(B),metrics/mAP50(B),metrics/mAP50-95(B),metrics/precision(M),metrics/recall(M),metrics/mAP50(M),metrics/mAP50-95(M),val/box_loss,val/seg_loss,val/cls_loss,val/dfl_loss,val/sem_loss,lr/pg0,lr/pg1,lr/pg2
1,7.18696,0.93277,2.01375,1.09888,1.47982,0,0.91688,0.6686,0.75491,0.58515,0.91688,0.6686,0.75004,0.55034,0.958,1.28789,1.25102,1.52311,0,0.000324074,0.000324074,0.0679167
2,12.4529,0.64886,0.684,0.68207,1.2125,0,0.96355,1,0.99324,0.89983,0.96355,1,0.99324,0.90021,0.40418,0.40641,0.43427,0.97466,0,0.000635713,0.000635713,0.034895
3,17.8566,0.60376,0.53951,0.66149,1.12503,0,0.94113,0.9697,0.99068,0.9031,0.94113,0.9697,0.98994,0.89847,0.35544,0.51761,0.40525,0.91142,0,0.000925352,0.000925352,0.00185128
4,23.0516,0.56498,0.52036,0.59979,1.11916,0,0.99185,1,0.995,0.92705,0.96877,1,0.99412,0.93562,0.35036,0.44688,0.39954,0.92034,0,0.000901,0.000901,0.000901
5,28.2999,0.49166,0.42919,0.53382,1.04796,0,1,0.95944,0.99105,0.90745,1,0.95944,0.98975,0.90206,0.41458,0.46958,0.42387,0.945,0,0.000868,0.000868,0.000868
6,33.4025,0.48415,0.51829,0.49816,1.05414,0,0.96502,1,0.99235,0.90474,0.96502,1,0.99235,0.92905,0.35043,0.46209,0.40124,0.89401,0,0.000835,0.000835,0.000835
7,38.6499,0.50004,0.44527,0.52251,1.05864,0,0.9954,1,0.995,0.92036,0.9954,1,0.995,0.91211,0.33165,0.41162,0.31671,0.89398,0,0.000802,0.000802,0.000802
8,43.8561,0.47379,0.35655,0.47788,1.04179,0,0.99486,0.9697,0.9925,0.9401,0.97051,0.99742,0.99412,0.93578,0.30743,0.48926,0.29252,0.85541,0,0.000769,0.000769,0.000769
9,49.1241,0.44455,0.3156,0.47266,1.02342,0,1,0.99789,0.995,0.93005,1,0.99789,0.995,0.92195,0.30561,0.48347,0.2933,0.87507,0,0.000736,0.000736,0.000736
10,54.3245,0.468,0.36445,0.5073,1.05063,0,0.99871,1,0.995,0.90641,0.99871,1,0.995,0.93072,0.31987,0.50644,0.30932,0.89275,0,0.000703,0.000703,0.000703
11,59.5239,0.39545,0.36797,0.40719,0.99729,0,0.99835,1,0.995,0.93556,0.99835,1,0.995,0.91456,0.33643,0.56766,0.3254,0.91699,0,0.00067,0.00067,0.00067
12,64.6614,0.41514,0.31241,0.4384,0.99892,0,0.99457,1,0.995,0.89669,0.96443,0.9697,0.97662,0.91776,0.32813,0.53638,0.29068,0.92561,0,0.000637,0.000637,0.000637
13,69.8939,0.40816,0.3318,0.44172,1.00795,0,0.95559,0.9697,0.98243,0.92968,0.95559,0.9697,0.98278,0.92381,0.2892,0.46979,0.32081,0.86775,0,0.000604,0.000604,0.000604
14,75.1535,0.37984,0.32421,0.40565,0.97928,0,0.9642,0.9697,0.98857,0.93918,0.98899,1,0.995,0.93161,0.26196,0.39052,0.29649,0.82472,0,0.000571,0.000571,0.000571
15,80.406,0.36404,0.29872,0.36476,0.96965,0,0.99381,1,0.995,0.95619,0.99381,1,0.995,0.94871,0.24503,0.32175,0.26568,0.80898,0,0.000538,0.000538,0.000538
16,85.6979,0.36594,0.33575,0.37524,0.9756,0,0.98937,0.9697,0.99412,0.94364,0.98937,0.9697,0.99412,0.92154,0.26515,0.44121,0.28205,0.83357,0,0.000505,0.000505,0.000505
17,90.921,0.3552,0.29894,0.35963,0.94683,0,0.99554,1,0.995,0.96092,0.99554,1,0.995,0.93337,0.24465,0.50002,0.25814,0.81467,0,0.000472,0.000472,0.000472
18,96.0794,0.34385,0.276,0.35972,0.95752,0,0.99732,1,0.995,0.96046,0.99732,1,0.995,0.94203,0.23341,0.53546,0.24811,0.80875,0,0.000439,0.000439,0.000439
19,101.182,0.33417,0.33793,0.34997,0.95976,0,1,0.98723,0.995,0.96781,1,0.98723,0.995,0.96157,0.21862,0.42489,0.22985,0.78878,0,0.000406,0.000406,0.000406
20,106.442,0.32214,0.24992,0.31686,0.93623,0,0.99496,1,0.995,0.97034,0.99496,1,0.995,0.95107,0.19564,0.38431,0.20694,0.76609,0,0.000373,0.000373,0.000373
21,112.636,0.21524,0.18419,0.24771,0.90261,0,0.99722,1,0.995,0.96877,0.99722,1,0.995,0.94656,0.21718,0.39557,0.20423,0.78093,0,0.00034,0.00034,0.00034
22,117.85,0.22468,0.16926,0.26287,0.88934,0,0.99715,1,0.995,0.96033,0.99715,1,0.995,0.9462,0.22354,0.45168,0.19166,0.80029,0,0.000307,0.000307,0.000307
23,122.965,0.20831,0.15839,0.23672,0.86357,0,0.99695,1,0.995,0.96198,0.99695,1,0.995,0.94293,0.24027,0.49471,0.20412,0.81933,0,0.000274,0.000274,0.000274
24,128.097,0.19854,0.17086,0.23147,0.86186,0,0.99765,1,0.995,0.95543,0.96742,0.9697,0.96409,0.94054,0.22338,0.55007,0.18805,0.82242,0,0.000241,0.000241,0.000241
25,133.071,0.18899,0.17984,0.22186,0.86053,0,0.99786,1,0.995,0.95258,0.96758,0.9697,0.96409,0.94558,0.22973,0.5175,0.1717,0.81597,0,0.000208,0.000208,0.000208
26,138.196,0.20155,0.16821,0.22093,0.85692,0,0.99756,1,0.995,0.94915,0.96734,0.9697,0.96409,0.94551,0.21434,0.53863,0.1689,0.80344,0,0.000175,0.000175,0.000175
27,143.187,0.18318,0.15404,0.20791,0.83721,0,0.99757,1,0.995,0.95308,0.96734,0.9697,0.96409,0.94344,0.2115,0.52487,0.18505,0.79468,0,0.000142,0.000142,0.000142
28,148.373,0.16686,0.1512,0.19984,0.88285,0,0.99753,1,0.995,0.97034,0.99753,1,0.995,0.94916,0.19605,0.51122,0.17832,0.78712,0,0.000109,0.000109,0.000109
29,153.329,0.18563,0.17123,0.19313,0.84303,0,0.9976,1,0.995,0.97343,0.9976,1,0.995,0.94973,0.1976,0.53625,0.16232,0.78377,0,7.6e-05,7.6e-05,7.6e-05
